--------------------------------------------------------
--  파일이 생성됨 - 금요일-6월-19-2020   
--------------------------------------------------------
--------------------------------------------------------
--  DDL for Table BR_EVENTS
--------------------------------------------------------

  CREATE TABLE "BR"."BR_EVENTS" 
   (	"EVENT_NO" NUMBER(6,0), 
	"TITLE" VARCHAR2(100 BYTE), 
	"CONTENT" VARCHAR2(4000 BYTE), 
	"START_DATE" DATE, 
	"END_DATE" DATE, 
	"ENDED" CHAR(1 BYTE) DEFAULT '1', 
	"ONLYBANNER" CHAR(1 BYTE)
   ) SEGMENT CREATION IMMEDIATE 
  PCTFREE 10 PCTUSED 40 INITRANS 1 MAXTRANS 255 NOCOMPRESS LOGGING
  STORAGE(INITIAL 65536 NEXT 1048576 MINEXTENTS 1 MAXEXTENTS 2147483645
  PCTINCREASE 0 FREELISTS 1 FREELIST GROUPS 1 BUFFER_POOL DEFAULT FLASH_CACHE DEFAULT CELL_FLASH_CACHE DEFAULT)
  TABLESPACE "USERS" ;
 

   COMMENT ON COLUMN "BR"."BR_EVENTS"."ENDED" IS '0-종료됨 /1-진행중';
 
   COMMENT ON COLUMN "BR"."BR_EVENTS"."ONLYBANNER" IS '0-배너전용';
--------------------------------------------------------
--  DDL for Table BR_EVENTS_IMAGE_PATH
--------------------------------------------------------

  CREATE TABLE "BR"."BR_EVENTS_IMAGE_PATH" 
   (	"EVENT_NO" NUMBER(6,0), 
	"IMAGE_PATH" VARCHAR2(1000 BYTE), 
	"IMAGE_TYPE" CHAR(1 BYTE)
   ) SEGMENT CREATION IMMEDIATE 
  PCTFREE 10 PCTUSED 40 INITRANS 1 MAXTRANS 255 NOCOMPRESS LOGGING
  STORAGE(INITIAL 65536 NEXT 1048576 MINEXTENTS 1 MAXEXTENTS 2147483645
  PCTINCREASE 0 FREELISTS 1 FREELIST GROUPS 1 BUFFER_POOL DEFAULT FLASH_CACHE DEFAULT CELL_FLASH_CACHE DEFAULT)
  TABLESPACE "USERS" ;
 

   COMMENT ON COLUMN "BR"."BR_EVENTS_IMAGE_PATH"."IMAGE_TYPE" IS '''CONTENT'',''BANNER'',''THUMBNAIL''';
--------------------------------------------------------
--  DDL for Table BR_EVENTS_SUB
--------------------------------------------------------

  CREATE TABLE "BR"."BR_EVENTS_SUB" 
   (	"EVENT_NO" NUMBER(6,0), 
	"USER_ID" VARCHAR2(30 BYTE)
   ) SEGMENT CREATION DEFERRED 
  PCTFREE 10 PCTUSED 40 INITRANS 1 MAXTRANS 255 NOCOMPRESS LOGGING
  TABLESPACE "USERS" ;
--------------------------------------------------------
--  DDL for Table BR_NOTICE_IMAGE_PATH
--------------------------------------------------------

  CREATE TABLE "BR"."BR_NOTICE_IMAGE_PATH" 
   (	"NOTICE_NO" NUMBER(6,0), 
	"IMAGE_PATH" VARCHAR2(2000 BYTE)
   ) SEGMENT CREATION IMMEDIATE 
  PCTFREE 10 PCTUSED 40 INITRANS 1 MAXTRANS 255 NOCOMPRESS LOGGING
  STORAGE(INITIAL 65536 NEXT 1048576 MINEXTENTS 1 MAXEXTENTS 2147483645
  PCTINCREASE 0 FREELISTS 1 FREELIST GROUPS 1 BUFFER_POOL DEFAULT FLASH_CACHE DEFAULT CELL_FLASH_CACHE DEFAULT)
  TABLESPACE "USERS" ;
--------------------------------------------------------
--  DDL for Table BR_NOTICES
--------------------------------------------------------

  CREATE TABLE "BR"."BR_NOTICES" 
   (	"NOTICE_NO" NUMBER(6,0), 
	"NOTICE_TITLE" VARCHAR2(200 BYTE), 
	"NOTICE_CONTENT" VARCHAR2(4000 BYTE), 
	"NOTICE_REG_DATE" DATE DEFAULT sysdate, 
	"NOTICE_DELETED" CHAR(1 BYTE) DEFAULT '1', 
	"NOTICE_IMPORTANT" CHAR(1 BYTE) DEFAULT '1'
   ) SEGMENT CREATION IMMEDIATE 
  PCTFREE 10 PCTUSED 40 INITRANS 1 MAXTRANS 255 NOCOMPRESS LOGGING
  STORAGE(INITIAL 65536 NEXT 1048576 MINEXTENTS 1 MAXEXTENTS 2147483645
  PCTINCREASE 0 FREELISTS 1 FREELIST GROUPS 1 BUFFER_POOL DEFAULT FLASH_CACHE DEFAULT CELL_FLASH_CACHE DEFAULT)
  TABLESPACE "USERS" ;
 

   COMMENT ON COLUMN "BR"."BR_NOTICES"."NOTICE_DELETED" IS '0-삭제됨';
 
   COMMENT ON COLUMN "BR"."BR_NOTICES"."NOTICE_IMPORTANT" IS '0-중요공지
';
--------------------------------------------------------
--  DDL for Table BR_ORDER_MAIN
--------------------------------------------------------

  CREATE TABLE "BR"."BR_ORDER_MAIN" 
   (	"ORDER_NO" NUMBER(6,0), 
	"USER_ID" VARCHAR2(30 BYTE), 
	"ORDER_USING_POINT" NUMBER, 
	"ORDER_PAYMENT" NUMBER, 
	"REG_DATE" DATE DEFAULT sysdate, 
	"COMPLETED" CHAR(1 BYTE) DEFAULT '1'
   ) SEGMENT CREATION IMMEDIATE 
  PCTFREE 10 PCTUSED 40 INITRANS 1 MAXTRANS 255 NOCOMPRESS LOGGING
  STORAGE(INITIAL 65536 NEXT 1048576 MINEXTENTS 1 MAXEXTENTS 2147483645
  PCTINCREASE 0 FREELISTS 1 FREELIST GROUPS 1 BUFFER_POOL DEFAULT FLASH_CACHE DEFAULT CELL_FLASH_CACHE DEFAULT)
  TABLESPACE "USERS" ;
 

   COMMENT ON COLUMN "BR"."BR_ORDER_MAIN"."COMPLETED" IS '0-삭제됨
';
--------------------------------------------------------
--  DDL for Table BR_ORDER_SUB
--------------------------------------------------------

  CREATE TABLE "BR"."BR_ORDER_SUB" 
   (	"ORDER_NO" NUMBER(6,0), 
	"PRODUCT_NO" NUMBER(6,0), 
	"PRODUCT_PRICE" NUMBER, 
	"ORDER_PRODUCT_AMOUNT" NUMBER
   ) SEGMENT CREATION IMMEDIATE 
  PCTFREE 10 PCTUSED 40 INITRANS 1 MAXTRANS 255 NOCOMPRESS LOGGING
  STORAGE(INITIAL 65536 NEXT 1048576 MINEXTENTS 1 MAXEXTENTS 2147483645
  PCTINCREASE 0 FREELISTS 1 FREELIST GROUPS 1 BUFFER_POOL DEFAULT FLASH_CACHE DEFAULT CELL_FLASH_CACHE DEFAULT)
  TABLESPACE "USERS" ;
--------------------------------------------------------
--  DDL for Table BR_PRODUCT_IMAGE_PATH
--------------------------------------------------------

  CREATE TABLE "BR"."BR_PRODUCT_IMAGE_PATH" 
   (	"PRODUCT_NO" NUMBER(6,0), 
	"IMAGE_PATH" VARCHAR2(1000 BYTE)
   ) SEGMENT CREATION IMMEDIATE 
  PCTFREE 10 PCTUSED 40 INITRANS 1 MAXTRANS 255 NOCOMPRESS LOGGING
  STORAGE(INITIAL 65536 NEXT 1048576 MINEXTENTS 1 MAXEXTENTS 2147483645
  PCTINCREASE 0 FREELISTS 1 FREELIST GROUPS 1 BUFFER_POOL DEFAULT FLASH_CACHE DEFAULT CELL_FLASH_CACHE DEFAULT)
  TABLESPACE "USERS" ;
--------------------------------------------------------
--  DDL for Table BR_PRODUCT_LIKE
--------------------------------------------------------

  CREATE TABLE "BR"."BR_PRODUCT_LIKE" 
   (	"USER_ID" VARCHAR2(100 BYTE), 
	"PRODUCT_NO" NUMBER(6,0)
   ) SEGMENT CREATION DEFERRED 
  PCTFREE 10 PCTUSED 40 INITRANS 1 MAXTRANS 255 NOCOMPRESS LOGGING
  TABLESPACE "USERS" ;
--------------------------------------------------------
--  DDL for Table BR_PRODUCT_SIZE
--------------------------------------------------------

  CREATE TABLE "BR"."BR_PRODUCT_SIZE" 
   (	"PRODUCT_SIZE" VARCHAR2(100 BYTE), 
	"SIZE_PRICE" NUMBER, 
	"SIZE_POINT" NUMBER DEFAULT 100, 
	"SIZE_COMMENT" VARCHAR2(2000 BYTE)
   ) SEGMENT CREATION IMMEDIATE 
  PCTFREE 10 PCTUSED 40 INITRANS 1 MAXTRANS 255 NOCOMPRESS LOGGING
  STORAGE(INITIAL 65536 NEXT 1048576 MINEXTENTS 1 MAXEXTENTS 2147483645
  PCTINCREASE 0 FREELISTS 1 FREELIST GROUPS 1 BUFFER_POOL DEFAULT FLASH_CACHE DEFAULT CELL_FLASH_CACHE DEFAULT)
  TABLESPACE "USERS" ;
--------------------------------------------------------
--  DDL for Table BR_PRODUCT_TAG
--------------------------------------------------------

  CREATE TABLE "BR"."BR_PRODUCT_TAG" 
   (	"PRODUCT_NO" NUMBER(6,0), 
	"PRODUCT_TAG" VARCHAR2(100 BYTE)
   ) SEGMENT CREATION IMMEDIATE 
  PCTFREE 10 PCTUSED 40 INITRANS 1 MAXTRANS 255 NOCOMPRESS LOGGING
  STORAGE(INITIAL 65536 NEXT 1048576 MINEXTENTS 1 MAXEXTENTS 2147483645
  PCTINCREASE 0 FREELISTS 1 FREELIST GROUPS 1 BUFFER_POOL DEFAULT FLASH_CACHE DEFAULT CELL_FLASH_CACHE DEFAULT)
  TABLESPACE "USERS" ;
--------------------------------------------------------
--  DDL for Table BR_PRODUCTS
--------------------------------------------------------

  CREATE TABLE "BR"."BR_PRODUCTS" 
   (	"PRODUCT_NO" NUMBER(6,0), 
	"NAME" VARCHAR2(40 BYTE), 
	"AMOUNT" NUMBER, 
	"PRICE" NUMBER, 
	"POINT" NUMBER, 
	"DISCOUNT_PRICE" NUMBER, 
	"CATEGORY" VARCHAR2(10 BYTE), 
	"REG_DATE" DATE DEFAULT sysdate, 
	"REVIEWS" NUMBER DEFAULT 0, 
	"EXPLAIN" VARCHAR2(4000 BYTE)
   ) SEGMENT CREATION IMMEDIATE 
  PCTFREE 10 PCTUSED 40 INITRANS 1 MAXTRANS 255 NOCOMPRESS LOGGING
  STORAGE(INITIAL 65536 NEXT 1048576 MINEXTENTS 1 MAXEXTENTS 2147483645
  PCTINCREASE 0 FREELISTS 1 FREELIST GROUPS 1 BUFFER_POOL DEFAULT FLASH_CACHE DEFAULT CELL_FLASH_CACHE DEFAULT)
  TABLESPACE "USERS" ;
--------------------------------------------------------
--  DDL for Table BR_REVIEW_LIKES
--------------------------------------------------------

  CREATE TABLE "BR"."BR_REVIEW_LIKES" 
   (	"REVIEW_NO" NUMBER(6,0), 
	"USER_ID" VARCHAR2(30 BYTE)
   ) SEGMENT CREATION DEFERRED 
  PCTFREE 10 PCTUSED 40 INITRANS 1 MAXTRANS 255 NOCOMPRESS LOGGING
  TABLESPACE "USERS" ;
--------------------------------------------------------
--  DDL for Table BR_REVIEWS
--------------------------------------------------------

  CREATE TABLE "BR"."BR_REVIEWS" 
   (	"REVIEW_NO" NUMBER(6,0), 
	"PRODUCT_NO" NUMBER(6,0), 
	"ORDER_NO" NUMBER(6,0), 
	"USER_ID" VARCHAR2(30 BYTE), 
	"TITLE" VARCHAR2(200 BYTE), 
	"CONTENT" VARCHAR2(2000 BYTE), 
	"REG_DATE" DATE DEFAULT sysdate, 
	"DELETED" CHAR(1 BYTE) DEFAULT '1', 
	"LIKED" NUMBER DEFAULT 0
   ) SEGMENT CREATION IMMEDIATE 
  PCTFREE 10 PCTUSED 40 INITRANS 1 MAXTRANS 255 NOCOMPRESS LOGGING
  STORAGE(INITIAL 65536 NEXT 1048576 MINEXTENTS 1 MAXEXTENTS 2147483645
  PCTINCREASE 0 FREELISTS 1 FREELIST GROUPS 1 BUFFER_POOL DEFAULT FLASH_CACHE DEFAULT CELL_FLASH_CACHE DEFAULT)
  TABLESPACE "USERS" ;
 

   COMMENT ON COLUMN "BR"."BR_REVIEWS"."DELETED" IS '0-삭제됨
';
--------------------------------------------------------
--  DDL for Table BR_REVIEWS_IMAGE_PATH
--------------------------------------------------------

  CREATE TABLE "BR"."BR_REVIEWS_IMAGE_PATH" 
   (	"REVIEW_NO" NUMBER(6,0), 
	"IMAGE_PATH" VARCHAR2(1000 BYTE)
   ) SEGMENT CREATION IMMEDIATE 
  PCTFREE 10 PCTUSED 40 INITRANS 1 MAXTRANS 255 NOCOMPRESS LOGGING
  STORAGE(INITIAL 65536 NEXT 1048576 MINEXTENTS 1 MAXEXTENTS 2147483645
  PCTINCREASE 0 FREELISTS 1 FREELIST GROUPS 1 BUFFER_POOL DEFAULT FLASH_CACHE DEFAULT CELL_FLASH_CACHE DEFAULT)
  TABLESPACE "USERS" ;
--------------------------------------------------------
--  DDL for Table BR_SHOPPING_BASKET
--------------------------------------------------------

  CREATE TABLE "BR"."BR_SHOPPING_BASKET" 
   (	"USER_ID" VARCHAR2(100 BYTE), 
	"PRODUCT_NO" NUMBER(6,0), 
	"AMOUNT" NUMBER
   ) SEGMENT CREATION IMMEDIATE 
  PCTFREE 10 PCTUSED 40 INITRANS 1 MAXTRANS 255 NOCOMPRESS LOGGING
  STORAGE(INITIAL 65536 NEXT 1048576 MINEXTENTS 1 MAXEXTENTS 2147483645
  PCTINCREASE 0 FREELISTS 1 FREELIST GROUPS 1 BUFFER_POOL DEFAULT FLASH_CACHE DEFAULT CELL_FLASH_CACHE DEFAULT)
  TABLESPACE "USERS" ;
--------------------------------------------------------
--  DDL for Table BR_USERS
--------------------------------------------------------

  CREATE TABLE "BR"."BR_USERS" 
   (	"USER_ID" VARCHAR2(30 BYTE), 
	"NAME" VARCHAR2(10 BYTE), 
	"PASSWORD" VARCHAR2(50 BYTE), 
	"POINT" NUMBER DEFAULT 0, 
	"EMAIL" VARCHAR2(50 BYTE), 
	"DELETED" CHAR(1 BYTE) DEFAULT '1', 
	"ADMIN" CHAR(1 BYTE) DEFAULT '1', 
	"REG_DATE" DATE DEFAULT sysdate, 
	"PHONE" VARCHAR2(50 BYTE)
   ) SEGMENT CREATION IMMEDIATE 
  PCTFREE 10 PCTUSED 40 INITRANS 1 MAXTRANS 255 NOCOMPRESS LOGGING
  STORAGE(INITIAL 65536 NEXT 1048576 MINEXTENTS 1 MAXEXTENTS 2147483645
  PCTINCREASE 0 FREELISTS 1 FREELIST GROUPS 1 BUFFER_POOL DEFAULT FLASH_CACHE DEFAULT CELL_FLASH_CACHE DEFAULT)
  TABLESPACE "USERS" ;
 

   COMMENT ON COLUMN "BR"."BR_USERS"."DELETED" IS '0-삭제됨';
 
   COMMENT ON COLUMN "BR"."BR_USERS"."ADMIN" IS '0-관리자
';
--------------------------------------------------------
--  DDL for Table BR_USERS_POINTUSE
--------------------------------------------------------

  CREATE TABLE "BR"."BR_USERS_POINTUSE" 
   (	"USER_ID" VARCHAR2(100 BYTE), 
	"USED_POINT" NUMBER, 
	"USED_DATE" DATE DEFAULT sysdate, 
	"USED_REASON" VARCHAR2(2000 BYTE)
   ) SEGMENT CREATION IMMEDIATE 
  PCTFREE 10 PCTUSED 40 INITRANS 1 MAXTRANS 255 NOCOMPRESS LOGGING
  STORAGE(INITIAL 65536 NEXT 1048576 MINEXTENTS 1 MAXEXTENTS 2147483645
  PCTINCREASE 0 FREELISTS 1 FREELIST GROUPS 1 BUFFER_POOL DEFAULT FLASH_CACHE DEFAULT CELL_FLASH_CACHE DEFAULT)
  TABLESPACE "USERS" ;
REM INSERTING into BR.BR_EVENTS
SET DEFINE OFF;
Insert into BR.BR_EVENTS (EVENT_NO,TITLE,CONTENT,START_DATE,END_DATE,ENDED,ONLYBANNER) values (4,'ㅇㅇㅇㅇ','ㅇㅇㅇㅇㅇㅇㅇ',to_date('22/05/10 00:00:00','RR/MM/DD HH24:MI:SS'),to_date('20/06/06 00:00:00','RR/MM/DD HH24:MI:SS'),'1','0');
Insert into BR.BR_EVENTS (EVENT_NO,TITLE,CONTENT,START_DATE,END_DATE,ENDED,ONLYBANNER) values (14,'sdafsdf','asdfsdf',to_date('19/01/02 00:00:00','RR/MM/DD HH24:MI:SS'),to_date('20/04/04 00:00:00','RR/MM/DD HH24:MI:SS'),'0','0');
Insert into BR.BR_EVENTS (EVENT_NO,TITLE,CONTENT,START_DATE,END_DATE,ENDED,ONLYBANNER) values (15,'sadfdsfsdfsafsf','sadfsfsfs',to_date('19/01/01 00:00:00','RR/MM/DD HH24:MI:SS'),to_date('20/02/01 00:00:00','RR/MM/DD HH24:MI:SS'),'1','1');
Insert into BR.BR_EVENTS (EVENT_NO,TITLE,CONTENT,START_DATE,END_DATE,ENDED,ONLYBANNER) values (16,'sadfsdf','asdfsdfsdafdsf',to_date('20/02/05 00:00:00','RR/MM/DD HH24:MI:SS'),to_date('21/04/07 00:00:00','RR/MM/DD HH24:MI:SS'),'0','0');
Insert into BR.BR_EVENTS (EVENT_NO,TITLE,CONTENT,START_DATE,END_DATE,ENDED,ONLYBANNER) values (17,'sadfsf','sdfsadf',to_date('20/01/02 00:00:00','RR/MM/DD HH24:MI:SS'),to_date('22/02/04 00:00:00','RR/MM/DD HH24:MI:SS'),'1','0');
Insert into BR.BR_EVENTS (EVENT_NO,TITLE,CONTENT,START_DATE,END_DATE,ENDED,ONLYBANNER) values (19,'sadfsdf','sadfdsaf',to_date('20/02/07 00:00:00','RR/MM/DD HH24:MI:SS'),to_date('22/06/09 00:00:00','RR/MM/DD HH24:MI:SS'),'1','1');
Insert into BR.BR_EVENTS (EVENT_NO,TITLE,CONTENT,START_DATE,END_DATE,ENDED,ONLYBANNER) values (5,'ㅇㅇㅇㅇ','ㅇㅇㅇㅇㅇㅇㅇ',to_date('22/05/10 00:00:00','RR/MM/DD HH24:MI:SS'),to_date('20/06/06 00:00:00','RR/MM/DD HH24:MI:SS'),'1','1');
Insert into BR.BR_EVENTS (EVENT_NO,TITLE,CONTENT,START_DATE,END_DATE,ENDED,ONLYBANNER) values (6,'asdfdfsdfasfs','asdfsdfsdf',to_date('18/11/30 00:00:00','RR/MM/DD HH24:MI:SS'),to_date('20/11/30 00:00:00','RR/MM/DD HH24:MI:SS'),'1','1');
Insert into BR.BR_EVENTS (EVENT_NO,TITLE,CONTENT,START_DATE,END_DATE,ENDED,ONLYBANNER) values (8,'ㅁㄴㅇㄹㄴㅇㄹ','ㄴㅁㅇㄹㄴㅇㄹㄴㅁㅇㄹ',to_date('19/01/01 00:00:00','RR/MM/DD HH24:MI:SS'),to_date('20/01/01 00:00:00','RR/MM/DD HH24:MI:SS'),'1','1');
Insert into BR.BR_EVENTS (EVENT_NO,TITLE,CONTENT,START_DATE,END_DATE,ENDED,ONLYBANNER) values (12,'ㅁㄴㅇㄹㅇㄴㄹ','ㅁㄴㅇㄹㄴㅁㅇㄹ',to_date('19/01/03 00:00:00','RR/MM/DD HH24:MI:SS'),to_date('20/02/02 00:00:00','RR/MM/DD HH24:MI:SS'),'1','1');
Insert into BR.BR_EVENTS (EVENT_NO,TITLE,CONTENT,START_DATE,END_DATE,ENDED,ONLYBANNER) values (13,'asdf','adsf',to_date('19/01/01 00:00:00','RR/MM/DD HH24:MI:SS'),to_date('20/01/02 00:00:00','RR/MM/DD HH24:MI:SS'),'1','1');
Insert into BR.BR_EVENTS (EVENT_NO,TITLE,CONTENT,START_DATE,END_DATE,ENDED,ONLYBANNER) values (18,'sdafsdfsdafsdaf','sdafasdfsdfasdfasdfs',to_date('20/02/04 00:00:00','RR/MM/DD HH24:MI:SS'),to_date('26/03/03 00:00:00','RR/MM/DD HH24:MI:SS'),'1','1');
Insert into BR.BR_EVENTS (EVENT_NO,TITLE,CONTENT,START_DATE,END_DATE,ENDED,ONLYBANNER) values (20,'asdf','asdf',to_date('20/01/01 00:00:00','RR/MM/DD HH24:MI:SS'),to_date('21/01/01 00:00:00','RR/MM/DD HH24:MI:SS'),'0','0');
Insert into BR.BR_EVENTS (EVENT_NO,TITLE,CONTENT,START_DATE,END_DATE,ENDED,ONLYBANNER) values (21,'sadfsdfsd','sdafsdf',to_date('20/02/03 00:00:00','RR/MM/DD HH24:MI:SS'),to_date('20/09/09 00:00:00','RR/MM/DD HH24:MI:SS'),'1','0');
Insert into BR.BR_EVENTS (EVENT_NO,TITLE,CONTENT,START_DATE,END_DATE,ENDED,ONLYBANNER) values (7,'sdaf','asdf',to_date('20/01/02 00:00:00','RR/MM/DD HH24:MI:SS'),to_date('21/02/03 00:00:00','RR/MM/DD HH24:MI:SS'),'1','1');
Insert into BR.BR_EVENTS (EVENT_NO,TITLE,CONTENT,START_DATE,END_DATE,ENDED,ONLYBANNER) values (10,'sadfsdfsdf','sadfswdafsadf',to_date('19/01/03 00:00:00','RR/MM/DD HH24:MI:SS'),to_date('20/03/04 00:00:00','RR/MM/DD HH24:MI:SS'),'1','1');
Insert into BR.BR_EVENTS (EVENT_NO,TITLE,CONTENT,START_DATE,END_DATE,ENDED,ONLYBANNER) values (11,'event title','event content',to_date('20/04/12 00:00:00','RR/MM/DD HH24:MI:SS'),to_date('20/05/22 00:00:00','RR/MM/DD HH24:MI:SS'),'1','1');
REM INSERTING into BR.BR_EVENTS_IMAGE_PATH
SET DEFINE OFF;
Insert into BR.BR_EVENTS_IMAGE_PATH (EVENT_NO,IMAGE_PATH,IMAGE_TYPE) values (18,'df25cdc2-17bd-4073-8bfa-6dde39b693ea_개인정보처리방침 변경 안내 2019.jpg','0');
Insert into BR.BR_EVENTS_IMAGE_PATH (EVENT_NO,IMAGE_PATH,IMAGE_TYPE) values (14,'5c498659-0605-4c10-afce-bfe5aab92791_밤이 옥수로 맛있구마.png','2');
Insert into BR.BR_EVENTS_IMAGE_PATH (EVENT_NO,IMAGE_PATH,IMAGE_TYPE) values (19,'aa465c53-52ac-44eb-bfbe-2c1d374dc7a2_개인정보처리방침 변경 안내 2019.jpg','0');
Insert into BR.BR_EVENTS_IMAGE_PATH (EVENT_NO,IMAGE_PATH,IMAGE_TYPE) values (7,'c39a00c9-f8ff-4b33-b2a6-1418b990f8ee_2월 한정] 오버액션토끼와 함께하는 파인트 러브팩.png','0');
Insert into BR.BR_EVENTS_IMAGE_PATH (EVENT_NO,IMAGE_PATH,IMAGE_TYPE) values (19,'09e196eb-b495-43ec-94b4-64dcfc8043c6_개인정보처리방침 변경 안내 2019.jpg','1');
Insert into BR.BR_EVENTS_IMAGE_PATH (EVENT_NO,IMAGE_PATH,IMAGE_TYPE) values (7,'5923d0dd-43dd-4c5f-83ca-3cbbdd95880b_[신제품 출시] 깔끔한 산미와 따사로운 햇살같은 커피원두 카페브리즈 써니 출시!.png','2');
Insert into BR.BR_EVENTS_IMAGE_PATH (EVENT_NO,IMAGE_PATH,IMAGE_TYPE) values (16,'29508240-fe2c-464b-90f1-2a2f782e9a5c_밤이 옥수로 맛있구마.png','2');
Insert into BR.BR_EVENTS_IMAGE_PATH (EVENT_NO,IMAGE_PATH,IMAGE_TYPE) values (12,'bcfdec52-e138-4bed-b08f-921fc1d7bca4_6월 이달의 맛 선거 투표 결과 발표.png','2');
Insert into BR.BR_EVENTS_IMAGE_PATH (EVENT_NO,IMAGE_PATH,IMAGE_TYPE) values (20,'581b895c-140e-486f-9a14-298c96bf98f7_현대 블루멤버스 & 기아 레드멤버스 포인트 제휴 종료 안내.jpg','2');
Insert into BR.BR_EVENTS_IMAGE_PATH (EVENT_NO,IMAGE_PATH,IMAGE_TYPE) values (6,'b2d5a87f-ba13-4dd0-892a-eba7edf8121d_2월 한정] 오버액션토끼와 함께하는 파인트 러브팩.png','2');
REM INSERTING into BR.BR_EVENTS_SUB
SET DEFINE OFF;
REM INSERTING into BR.BR_NOTICE_IMAGE_PATH
SET DEFINE OFF;
Insert into BR.BR_NOTICE_IMAGE_PATH (NOTICE_NO,IMAGE_PATH) values (108,'f7a8d71a-b8e7-43cc-ad7a-f59ef87b16da_개인정보처리방침 변경 안내 2018.jpg');
Insert into BR.BR_NOTICE_IMAGE_PATH (NOTICE_NO,IMAGE_PATH) values (109,'473005f8-2d41-4157-94c1-0066587b907b_[신제품 출시] 올 한가위 선물은 온 백성들 모두 배라 추석선물세트로 하거라.jpg');
Insert into BR.BR_NOTICE_IMAGE_PATH (NOTICE_NO,IMAGE_PATH) values (113,'f8a644ea-118a-4b30-a10e-5d5be315b940_해피포인트 적립률 변경안내.png');
Insert into BR.BR_NOTICE_IMAGE_PATH (NOTICE_NO,IMAGE_PATH) values (118,'368117fd-723c-4882-aecf-3a0713286e8e_[신제품 출시] 깔끔한 산미와 따사로운 햇살같은 커피원두 카페브리즈 써니 출시!.png');
Insert into BR.BR_NOTICE_IMAGE_PATH (NOTICE_NO,IMAGE_PATH) values (105,'aa0c87c5-1098-4168-8eca-50e2151af841_[신제품 출시] 아이스크림 피자 (한정 수량).png');
Insert into BR.BR_NOTICE_IMAGE_PATH (NOTICE_NO,IMAGE_PATH) values (107,'3c17a7ef-1e96-4efd-a57d-3f7eaebb761f_[신제품 출시] 슈팅스타 블라스트, 입속에서 톡톡!.png');
Insert into BR.BR_NOTICE_IMAGE_PATH (NOTICE_NO,IMAGE_PATH) values (98,'eea20e3d-0f28-4e95-95c4-4cfb0c82cc30_ALL NEW CAFE BRIS.jpg');
Insert into BR.BR_NOTICE_IMAGE_PATH (NOTICE_NO,IMAGE_PATH) values (101,'9c3e3e0d-e077-4c8d-ac5a-df0e4531c84d_2월 한정] 오버액션토끼와 함께하는 파인트 러브팩.png');
Insert into BR.BR_NOTICE_IMAGE_PATH (NOTICE_NO,IMAGE_PATH) values (106,'ce37f0a7-97a4-4cfc-b1f6-3e29ef10f205_[신제품 출시] 아이스크림과 함께 즐기는 빙수! 배스킨라빙수!.png');
Insert into BR.BR_NOTICE_IMAGE_PATH (NOTICE_NO,IMAGE_PATH) values (119,'5acb21d0-12de-4bd8-be24-de961e0b855c_6월 이달의 맛 선거 투표 결과 발표.png');
Insert into BR.BR_NOTICE_IMAGE_PATH (NOTICE_NO,IMAGE_PATH) values (87,'a11c1d71-4b0b-46d8-abfd-81015e1926e4_Lighthouse.jpg');
Insert into BR.BR_NOTICE_IMAGE_PATH (NOTICE_NO,IMAGE_PATH) values (97,'ddca2115-bc8d-45a2-8a9a-74844209a748_밤이 옥수로 맛있구마.png');
Insert into BR.BR_NOTICE_IMAGE_PATH (NOTICE_NO,IMAGE_PATH) values (115,'7cc4cc01-451e-4cb4-a8d4-912b6bea9079_현대 블루멤버스 & 기아 레드멤버스 포인트 제휴 종료 안내.jpg');
Insert into BR.BR_NOTICE_IMAGE_PATH (NOTICE_NO,IMAGE_PATH) values (102,'bb391b97-6269-4a7f-920a-ff49d27d6ddd_[신제품 출시] 아이스 다쿠아즈 샌드.png');
Insert into BR.BR_NOTICE_IMAGE_PATH (NOTICE_NO,IMAGE_PATH) values (111,'d26c3db8-d7aa-4b97-9e88-f271a4bf6552_개인정보처리방침 변경 안내 2019.jpg');
Insert into BR.BR_NOTICE_IMAGE_PATH (NOTICE_NO,IMAGE_PATH) values (110,'73ac0259-fc71-45b1-b149-ee95d5a00e56_크리스마스 케이크와 시크릿 아이템 함께 구매 시, 파인트 무료 쿠폰 증정!.jpg');
Insert into BR.BR_NOTICE_IMAGE_PATH (NOTICE_NO,IMAGE_PATH) values (114,'f64f200a-5b49-4487-a69e-24429156744a_[신제품 출시] 올 한가위 선물은 온 백성들 모두 배라 추석선물세트로 하거라.jpg');
Insert into BR.BR_NOTICE_IMAGE_PATH (NOTICE_NO,IMAGE_PATH) values (117,'d5d6648a-e8e7-4b06-8f2f-b6a5da83e1b3_[신제품 출시] 배스킨라빈스 커피와 함께하는 특별한 시간을 즐겨보세요.png');
Insert into BR.BR_NOTICE_IMAGE_PATH (NOTICE_NO,IMAGE_PATH) values (120,'8648869b-8366-4ca2-86fc-a51e87f093ca_배라를 배달로 먹방 콘테스트 수상자 발표.jpg');
Insert into BR.BR_NOTICE_IMAGE_PATH (NOTICE_NO,IMAGE_PATH) values (99,'a4c31b5b-6444-40d5-b03b-c076756fe79d_WINTER SEASON BLAST!.png');
Insert into BR.BR_NOTICE_IMAGE_PATH (NOTICE_NO,IMAGE_PATH) values (104,'d423a6ee-8e33-4bbf-acf8-3341347fc3f4_REAL FRESH! FRUITS BLAST!.png');
Insert into BR.BR_NOTICE_IMAGE_PATH (NOTICE_NO,IMAGE_PATH) values (112,'e20bc395-86f5-4205-8c14-9e03851f24f0_스마일페이 싱글킹 사이즈업 프로모션 종료 안내.png');
Insert into BR.BR_NOTICE_IMAGE_PATH (NOTICE_NO,IMAGE_PATH) values (116,'c90cdfc8-6724-408c-8add-36a1538303c8_[신제품 출시] 와츄원 쉐이크의 변신! 버블 와츄원 쉐이크.png');
Insert into BR.BR_NOTICE_IMAGE_PATH (NOTICE_NO,IMAGE_PATH) values (100,'62fd6257-74b7-4954-b0de-58ad8241ecdc_개인정보처리방침 변경 안내 2017.jpg');
Insert into BR.BR_NOTICE_IMAGE_PATH (NOTICE_NO,IMAGE_PATH) values (103,'27f46a91-d106-4014-a96e-fcf3330b9d95_caf? BRis 캡슐 커피 머신 출시!.jpg');
REM INSERTING into BR.BR_NOTICES
SET DEFINE OFF;
Insert into BR.BR_NOTICES (NOTICE_NO,NOTICE_TITLE,NOTICE_CONTENT,NOTICE_REG_DATE,NOTICE_DELETED,NOTICE_IMPORTANT) values (97,'[신제품 출시] 밤이 옥수로 맛있구마',' ',to_date('20/06/17 11:25:46','RR/MM/DD HH24:MI:SS'),'1','1');
Insert into BR.BR_NOTICES (NOTICE_NO,NOTICE_TITLE,NOTICE_CONTENT,NOTICE_REG_DATE,NOTICE_DELETED,NOTICE_IMPORTANT) values (98,'ALL NEW CAFE BRIS',' ',to_date('20/06/17 11:32:09','RR/MM/DD HH24:MI:SS'),'1','1');
Insert into BR.BR_NOTICES (NOTICE_NO,NOTICE_TITLE,NOTICE_CONTENT,NOTICE_REG_DATE,NOTICE_DELETED,NOTICE_IMPORTANT) values (119,'6월 이달의 맛 선거 투표 결과 발표',' ',to_date('20/06/17 11:40:44','RR/MM/DD HH24:MI:SS'),'1','1');
Insert into BR.BR_NOTICES (NOTICE_NO,NOTICE_TITLE,NOTICE_CONTENT,NOTICE_REG_DATE,NOTICE_DELETED,NOTICE_IMPORTANT) values (87,'중요 공지사항입니다.','중요공지사항 내용입니다.',to_date('20/06/17 11:03:43','RR/MM/DD HH24:MI:SS'),'1','0');
Insert into BR.BR_NOTICES (NOTICE_NO,NOTICE_TITLE,NOTICE_CONTENT,NOTICE_REG_DATE,NOTICE_DELETED,NOTICE_IMPORTANT) values (96,'ㅇㅇㅇㅇㅇ',' ',to_date('20/06/17 11:24:45','RR/MM/DD HH24:MI:SS'),'0','1');
Insert into BR.BR_NOTICES (NOTICE_NO,NOTICE_TITLE,NOTICE_CONTENT,NOTICE_REG_DATE,NOTICE_DELETED,NOTICE_IMPORTANT) values (115,'현대 블루멤버스 & 기아 레드멤버스 포인트 제휴 종료 안내',' ',to_date('20/06/17 11:39:16','RR/MM/DD HH24:MI:SS'),'1','1');
Insert into BR.BR_NOTICES (NOTICE_NO,NOTICE_TITLE,NOTICE_CONTENT,NOTICE_REG_DATE,NOTICE_DELETED,NOTICE_IMPORTANT) values (102,'[신제품 출시] 아이스 다쿠아즈 샌드',' ',to_date('20/06/17 11:33:46','RR/MM/DD HH24:MI:SS'),'0','1');
Insert into BR.BR_NOTICES (NOTICE_NO,NOTICE_TITLE,NOTICE_CONTENT,NOTICE_REG_DATE,NOTICE_DELETED,NOTICE_IMPORTANT) values (111,'개인정보처리방침 변경 안내 2019',' ',to_date('20/06/17 11:36:58','RR/MM/DD HH24:MI:SS'),'1','1');
Insert into BR.BR_NOTICES (NOTICE_NO,NOTICE_TITLE,NOTICE_CONTENT,NOTICE_REG_DATE,NOTICE_DELETED,NOTICE_IMPORTANT) values (99,'WINTER SEASON BLAST!',' ',to_date('20/06/17 11:32:45','RR/MM/DD HH24:MI:SS'),'1','1');
Insert into BR.BR_NOTICES (NOTICE_NO,NOTICE_TITLE,NOTICE_CONTENT,NOTICE_REG_DATE,NOTICE_DELETED,NOTICE_IMPORTANT) values (100,'개인정보처리방침 변경 안내 2017',' ',to_date('20/06/17 11:33:08','RR/MM/DD HH24:MI:SS'),'1','1');
Insert into BR.BR_NOTICES (NOTICE_NO,NOTICE_TITLE,NOTICE_CONTENT,NOTICE_REG_DATE,NOTICE_DELETED,NOTICE_IMPORTANT) values (103,'caf? BRis 캡슐 커피 머신 출시!',' ',to_date('20/06/17 11:34:14','RR/MM/DD HH24:MI:SS'),'1','1');
Insert into BR.BR_NOTICES (NOTICE_NO,NOTICE_TITLE,NOTICE_CONTENT,NOTICE_REG_DATE,NOTICE_DELETED,NOTICE_IMPORTANT) values (104,'REAL FRESH! FRUITS BLAST!',' ',to_date('20/06/17 11:34:30','RR/MM/DD HH24:MI:SS'),'1','1');
Insert into BR.BR_NOTICES (NOTICE_NO,NOTICE_TITLE,NOTICE_CONTENT,NOTICE_REG_DATE,NOTICE_DELETED,NOTICE_IMPORTANT) values (106,'[신제품 출시] 아이스크림과 함께 즐기는 빙수! 배스킨라빙수!',' ',to_date('20/06/17 11:35:08','RR/MM/DD HH24:MI:SS'),'0','1');
Insert into BR.BR_NOTICES (NOTICE_NO,NOTICE_TITLE,NOTICE_CONTENT,NOTICE_REG_DATE,NOTICE_DELETED,NOTICE_IMPORTANT) values (107,'[신제품 출시] 슈팅스타 블라스트, 입속에서 톡톡!',' ',to_date('20/06/17 11:35:27','RR/MM/DD HH24:MI:SS'),'0','1');
Insert into BR.BR_NOTICES (NOTICE_NO,NOTICE_TITLE,NOTICE_CONTENT,NOTICE_REG_DATE,NOTICE_DELETED,NOTICE_IMPORTANT) values (110,'크리스마스 케이크와 시크릿 아이템 함께 구매 시, 파인트 무료 쿠폰 증정!',' ',to_date('20/06/17 11:36:45','RR/MM/DD HH24:MI:SS'),'1','1');
Insert into BR.BR_NOTICES (NOTICE_NO,NOTICE_TITLE,NOTICE_CONTENT,NOTICE_REG_DATE,NOTICE_DELETED,NOTICE_IMPORTANT) values (112,'스마일페이 싱글킹 사이즈업 프로모션 종료 안내',' ',to_date('20/06/17 11:38:02','RR/MM/DD HH24:MI:SS'),'1','1');
Insert into BR.BR_NOTICES (NOTICE_NO,NOTICE_TITLE,NOTICE_CONTENT,NOTICE_REG_DATE,NOTICE_DELETED,NOTICE_IMPORTANT) values (114,'[신제품 출시] 올 한가위 선물은 온 백성들 모두 배라 추석선물세트로 하거라',' ',to_date('20/06/17 11:38:35','RR/MM/DD HH24:MI:SS'),'0','1');
Insert into BR.BR_NOTICES (NOTICE_NO,NOTICE_TITLE,NOTICE_CONTENT,NOTICE_REG_DATE,NOTICE_DELETED,NOTICE_IMPORTANT) values (116,'[신제품 출시] 와츄원 쉐이크의 변신! 버블 와츄원 쉐이크',' ',to_date('20/06/17 11:39:47','RR/MM/DD HH24:MI:SS'),'0','1');
Insert into BR.BR_NOTICES (NOTICE_NO,NOTICE_TITLE,NOTICE_CONTENT,NOTICE_REG_DATE,NOTICE_DELETED,NOTICE_IMPORTANT) values (117,'[신제품 출시] 배스킨라빈스 커피와 함께하는 특별한 시간을 즐겨보세요',' ',to_date('20/06/17 11:40:18','RR/MM/DD HH24:MI:SS'),'0','1');
Insert into BR.BR_NOTICES (NOTICE_NO,NOTICE_TITLE,NOTICE_CONTENT,NOTICE_REG_DATE,NOTICE_DELETED,NOTICE_IMPORTANT) values (120,'배라를 배달로 먹방 콘테스트 수상자 발표',' ',to_date('20/06/17 11:41:44','RR/MM/DD HH24:MI:SS'),'1','1');
Insert into BR.BR_NOTICES (NOTICE_NO,NOTICE_TITLE,NOTICE_CONTENT,NOTICE_REG_DATE,NOTICE_DELETED,NOTICE_IMPORTANT) values (118,'[신제품 출시] 깔끔한 산미와 따사로운 햇살같은 커피원두 카페브리즈 써니 출시!',' ',to_date('20/06/17 11:40:29','RR/MM/DD HH24:MI:SS'),'0','1');
Insert into BR.BR_NOTICES (NOTICE_NO,NOTICE_TITLE,NOTICE_CONTENT,NOTICE_REG_DATE,NOTICE_DELETED,NOTICE_IMPORTANT) values (101,'2월 한정] 오버액션토끼와 함께하는 파인트 러브팩',' ',to_date('20/06/17 11:33:29','RR/MM/DD HH24:MI:SS'),'1','1');
Insert into BR.BR_NOTICES (NOTICE_NO,NOTICE_TITLE,NOTICE_CONTENT,NOTICE_REG_DATE,NOTICE_DELETED,NOTICE_IMPORTANT) values (108,'개인정보처리방침 변경 안내 2018',' ',to_date('20/06/17 11:35:43','RR/MM/DD HH24:MI:SS'),'1','1');
Insert into BR.BR_NOTICES (NOTICE_NO,NOTICE_TITLE,NOTICE_CONTENT,NOTICE_REG_DATE,NOTICE_DELETED,NOTICE_IMPORTANT) values (113,'해피포인트 적립률 변경안내',' ',to_date('20/06/17 11:38:15','RR/MM/DD HH24:MI:SS'),'1','1');
Insert into BR.BR_NOTICES (NOTICE_NO,NOTICE_TITLE,NOTICE_CONTENT,NOTICE_REG_DATE,NOTICE_DELETED,NOTICE_IMPORTANT) values (105,'[신제품 출시] 아이스크림 피자 (한정 수량)',' ',to_date('20/06/17 11:34:46','RR/MM/DD HH24:MI:SS'),'0','1');
Insert into BR.BR_NOTICES (NOTICE_NO,NOTICE_TITLE,NOTICE_CONTENT,NOTICE_REG_DATE,NOTICE_DELETED,NOTICE_IMPORTANT) values (109,'[신제품 출시] 올 한가위 선물은 온 백성들 모두 배라 추석선물세트로 하거라',' ',to_date('20/06/17 11:36:07','RR/MM/DD HH24:MI:SS'),'0','1');
REM INSERTING into BR.BR_ORDER_MAIN
SET DEFINE OFF;
Insert into BR.BR_ORDER_MAIN (ORDER_NO,USER_ID,ORDER_USING_POINT,ORDER_PAYMENT,REG_DATE,COMPLETED) values (115,'hj',1400,38200,to_date('20/06/19 17:53:11','RR/MM/DD HH24:MI:SS'),'1');
Insert into BR.BR_ORDER_MAIN (ORDER_NO,USER_ID,ORDER_USING_POINT,ORDER_PAYMENT,REG_DATE,COMPLETED) values (89,'yang',0,20500,to_date('20/06/19 09:15:54','RR/MM/DD HH24:MI:SS'),'1');
Insert into BR.BR_ORDER_MAIN (ORDER_NO,USER_ID,ORDER_USING_POINT,ORDER_PAYMENT,REG_DATE,COMPLETED) values (93,'wkdwnfl119',0,4100,to_date('20/06/19 10:18:51','RR/MM/DD HH24:MI:SS'),'1');
Insert into BR.BR_ORDER_MAIN (ORDER_NO,USER_ID,ORDER_USING_POINT,ORDER_PAYMENT,REG_DATE,COMPLETED) values (95,'wkdwnfl119',0,31300,to_date('20/06/19 10:20:28','RR/MM/DD HH24:MI:SS'),'1');
Insert into BR.BR_ORDER_MAIN (ORDER_NO,USER_ID,ORDER_USING_POINT,ORDER_PAYMENT,REG_DATE,COMPLETED) values (96,'wkdwnfl119',0,8200,to_date('20/06/19 10:21:40','RR/MM/DD HH24:MI:SS'),'1');
Insert into BR.BR_ORDER_MAIN (ORDER_NO,USER_ID,ORDER_USING_POINT,ORDER_PAYMENT,REG_DATE,COMPLETED) values (100,'wkdwnfl119',0,12300,to_date('20/06/19 10:23:39','RR/MM/DD HH24:MI:SS'),'1');
Insert into BR.BR_ORDER_MAIN (ORDER_NO,USER_ID,ORDER_USING_POINT,ORDER_PAYMENT,REG_DATE,COMPLETED) values (101,'wkdwnfl119',0,16400,to_date('20/06/19 10:23:57','RR/MM/DD HH24:MI:SS'),'1');
Insert into BR.BR_ORDER_MAIN (ORDER_NO,USER_ID,ORDER_USING_POINT,ORDER_PAYMENT,REG_DATE,COMPLETED) values (110,'wkdwnfl119',1,24598,to_date('20/06/19 14:25:58','RR/MM/DD HH24:MI:SS'),'1');
Insert into BR.BR_ORDER_MAIN (ORDER_NO,USER_ID,ORDER_USING_POINT,ORDER_PAYMENT,REG_DATE,COMPLETED) values (4,'yang',0,4100,to_date('20/06/17 17:32:09','RR/MM/DD HH24:MI:SS'),'1');
Insert into BR.BR_ORDER_MAIN (ORDER_NO,USER_ID,ORDER_USING_POINT,ORDER_PAYMENT,REG_DATE,COMPLETED) values (81,'wkdwnfl119',0,98400,to_date('20/06/18 17:39:38','RR/MM/DD HH24:MI:SS'),'1');
Insert into BR.BR_ORDER_MAIN (ORDER_NO,USER_ID,ORDER_USING_POINT,ORDER_PAYMENT,REG_DATE,COMPLETED) values (87,'wkdwnfl119',0,20500,to_date('20/06/19 08:53:22','RR/MM/DD HH24:MI:SS'),'1');
Insert into BR.BR_ORDER_MAIN (ORDER_NO,USER_ID,ORDER_USING_POINT,ORDER_PAYMENT,REG_DATE,COMPLETED) values (88,'yang',0,8200,to_date('20/06/19 09:14:58','RR/MM/DD HH24:MI:SS'),'1');
Insert into BR.BR_ORDER_MAIN (ORDER_NO,USER_ID,ORDER_USING_POINT,ORDER_PAYMENT,REG_DATE,COMPLETED) values (94,'wkdwnfl119',0,55900,to_date('20/06/19 10:19:10','RR/MM/DD HH24:MI:SS'),'1');
Insert into BR.BR_ORDER_MAIN (ORDER_NO,USER_ID,ORDER_USING_POINT,ORDER_PAYMENT,REG_DATE,COMPLETED) values (98,'wkdwnfl119',0,8200,to_date('20/06/19 10:22:21','RR/MM/DD HH24:MI:SS'),'1');
Insert into BR.BR_ORDER_MAIN (ORDER_NO,USER_ID,ORDER_USING_POINT,ORDER_PAYMENT,REG_DATE,COMPLETED) values (99,'wkdwnfl119',0,64100,to_date('20/06/19 10:23:05','RR/MM/DD HH24:MI:SS'),'1');
Insert into BR.BR_ORDER_MAIN (ORDER_NO,USER_ID,ORDER_USING_POINT,ORDER_PAYMENT,REG_DATE,COMPLETED) values (106,'wkdwnfl119',4000,100,to_date('20/06/19 12:06:09','RR/MM/DD HH24:MI:SS'),'1');
Insert into BR.BR_ORDER_MAIN (ORDER_NO,USER_ID,ORDER_USING_POINT,ORDER_PAYMENT,REG_DATE,COMPLETED) values (114,'yang',0,20500,to_date('20/06/19 17:42:58','RR/MM/DD HH24:MI:SS'),'1');
Insert into BR.BR_ORDER_MAIN (ORDER_NO,USER_ID,ORDER_USING_POINT,ORDER_PAYMENT,REG_DATE,COMPLETED) values (78,'wkdwnfl119',0,24600,to_date('20/06/18 16:06:45','RR/MM/DD HH24:MI:SS'),'1');
Insert into BR.BR_ORDER_MAIN (ORDER_NO,USER_ID,ORDER_USING_POINT,ORDER_PAYMENT,REG_DATE,COMPLETED) values (79,'wkdwnfl119',0,41000,to_date('20/06/18 16:07:09','RR/MM/DD HH24:MI:SS'),'1');
Insert into BR.BR_ORDER_MAIN (ORDER_NO,USER_ID,ORDER_USING_POINT,ORDER_PAYMENT,REG_DATE,COMPLETED) values (86,'wkdwnfl119',0,12300,to_date('20/06/19 08:53:06','RR/MM/DD HH24:MI:SS'),'1');
Insert into BR.BR_ORDER_MAIN (ORDER_NO,USER_ID,ORDER_USING_POINT,ORDER_PAYMENT,REG_DATE,COMPLETED) values (111,'test',0,74500,to_date('20/06/19 16:57:06','RR/MM/DD HH24:MI:SS'),'1');
Insert into BR.BR_ORDER_MAIN (ORDER_NO,USER_ID,ORDER_USING_POINT,ORDER_PAYMENT,REG_DATE,COMPLETED) values (112,'yang',0,49200,to_date('20/06/19 17:31:32','RR/MM/DD HH24:MI:SS'),'1');
Insert into BR.BR_ORDER_MAIN (ORDER_NO,USER_ID,ORDER_USING_POINT,ORDER_PAYMENT,REG_DATE,COMPLETED) values (113,'yang',0,77900,to_date('20/06/19 17:32:40','RR/MM/DD HH24:MI:SS'),'1');
Insert into BR.BR_ORDER_MAIN (ORDER_NO,USER_ID,ORDER_USING_POINT,ORDER_PAYMENT,REG_DATE,COMPLETED) values (104,'wkdwnfl119',0,24600,to_date('20/06/19 11:12:39','RR/MM/DD HH24:MI:SS'),'1');
Insert into BR.BR_ORDER_MAIN (ORDER_NO,USER_ID,ORDER_USING_POINT,ORDER_PAYMENT,REG_DATE,COMPLETED) values (107,'wkdwnfl119',0,12300,to_date('20/06/19 12:20:22','RR/MM/DD HH24:MI:SS'),'1');
Insert into BR.BR_ORDER_MAIN (ORDER_NO,USER_ID,ORDER_USING_POINT,ORDER_PAYMENT,REG_DATE,COMPLETED) values (80,'test',0,12300,to_date('20/06/18 16:28:38','RR/MM/DD HH24:MI:SS'),'1');
Insert into BR.BR_ORDER_MAIN (ORDER_NO,USER_ID,ORDER_USING_POINT,ORDER_PAYMENT,REG_DATE,COMPLETED) values (82,'hj',0,28700,to_date('20/06/18 17:58:00','RR/MM/DD HH24:MI:SS'),'1');
Insert into BR.BR_ORDER_MAIN (ORDER_NO,USER_ID,ORDER_USING_POINT,ORDER_PAYMENT,REG_DATE,COMPLETED) values (57,'test',0,4100,to_date('20/06/18 15:06:37','RR/MM/DD HH24:MI:SS'),'1');
Insert into BR.BR_ORDER_MAIN (ORDER_NO,USER_ID,ORDER_USING_POINT,ORDER_PAYMENT,REG_DATE,COMPLETED) values (58,'test',0,4100,to_date('20/06/18 15:07:46','RR/MM/DD HH24:MI:SS'),'1');
REM INSERTING into BR.BR_ORDER_SUB
SET DEFINE OFF;
Insert into BR.BR_ORDER_SUB (ORDER_NO,PRODUCT_NO,PRODUCT_PRICE,ORDER_PRODUCT_AMOUNT) values (115,62,4100,5);
Insert into BR.BR_ORDER_SUB (ORDER_NO,PRODUCT_NO,PRODUCT_PRICE,ORDER_PRODUCT_AMOUNT) values (115,63,4100,5);
Insert into BR.BR_ORDER_SUB (ORDER_NO,PRODUCT_NO,PRODUCT_PRICE,ORDER_PRODUCT_AMOUNT) values (89,62,4100,3);
Insert into BR.BR_ORDER_SUB (ORDER_NO,PRODUCT_NO,PRODUCT_PRICE,ORDER_PRODUCT_AMOUNT) values (89,64,4100,2);
Insert into BR.BR_ORDER_SUB (ORDER_NO,PRODUCT_NO,PRODUCT_PRICE,ORDER_PRODUCT_AMOUNT) values (93,84,4100,1);
Insert into BR.BR_ORDER_SUB (ORDER_NO,PRODUCT_NO,PRODUCT_PRICE,ORDER_PRODUCT_AMOUNT) values (89,71,4100,1);
Insert into BR.BR_ORDER_SUB (ORDER_NO,PRODUCT_NO,PRODUCT_PRICE,ORDER_PRODUCT_AMOUNT) values (95,73,4100,1);
Insert into BR.BR_ORDER_SUB (ORDER_NO,PRODUCT_NO,PRODUCT_PRICE,ORDER_PRODUCT_AMOUNT) values (95,84,4100,1);
Insert into BR.BR_ORDER_SUB (ORDER_NO,PRODUCT_NO,PRODUCT_PRICE,ORDER_PRODUCT_AMOUNT) values (95,96,19000,1);
Insert into BR.BR_ORDER_SUB (ORDER_NO,PRODUCT_NO,PRODUCT_PRICE,ORDER_PRODUCT_AMOUNT) values (96,75,4100,1);
Insert into BR.BR_ORDER_SUB (ORDER_NO,PRODUCT_NO,PRODUCT_PRICE,ORDER_PRODUCT_AMOUNT) values (96,84,4100,1);
Insert into BR.BR_ORDER_SUB (ORDER_NO,PRODUCT_NO,PRODUCT_PRICE,ORDER_PRODUCT_AMOUNT) values (100,71,4100,1);
Insert into BR.BR_ORDER_SUB (ORDER_NO,PRODUCT_NO,PRODUCT_PRICE,ORDER_PRODUCT_AMOUNT) values (100,73,4100,1);
Insert into BR.BR_ORDER_SUB (ORDER_NO,PRODUCT_NO,PRODUCT_PRICE,ORDER_PRODUCT_AMOUNT) values (100,75,4100,1);
Insert into BR.BR_ORDER_SUB (ORDER_NO,PRODUCT_NO,PRODUCT_PRICE,ORDER_PRODUCT_AMOUNT) values (101,71,4100,1);
Insert into BR.BR_ORDER_SUB (ORDER_NO,PRODUCT_NO,PRODUCT_PRICE,ORDER_PRODUCT_AMOUNT) values (101,73,4100,2);
Insert into BR.BR_ORDER_SUB (ORDER_NO,PRODUCT_NO,PRODUCT_PRICE,ORDER_PRODUCT_AMOUNT) values (101,75,4100,1);
Insert into BR.BR_ORDER_SUB (ORDER_NO,PRODUCT_NO,PRODUCT_PRICE,ORDER_PRODUCT_AMOUNT) values (110,75,4100,1);
Insert into BR.BR_ORDER_SUB (ORDER_NO,PRODUCT_NO,PRODUCT_PRICE,ORDER_PRODUCT_AMOUNT) values (110,84,4100,5);
Insert into BR.BR_ORDER_SUB (ORDER_NO,PRODUCT_NO,PRODUCT_PRICE,ORDER_PRODUCT_AMOUNT) values (4,68,4100,1);
Insert into BR.BR_ORDER_SUB (ORDER_NO,PRODUCT_NO,PRODUCT_PRICE,ORDER_PRODUCT_AMOUNT) values (79,71,4100,5);
Insert into BR.BR_ORDER_SUB (ORDER_NO,PRODUCT_NO,PRODUCT_PRICE,ORDER_PRODUCT_AMOUNT) values (81,63,4100,14);
Insert into BR.BR_ORDER_SUB (ORDER_NO,PRODUCT_NO,PRODUCT_PRICE,ORDER_PRODUCT_AMOUNT) values (81,64,4100,4);
Insert into BR.BR_ORDER_SUB (ORDER_NO,PRODUCT_NO,PRODUCT_PRICE,ORDER_PRODUCT_AMOUNT) values (81,71,4100,6);
Insert into BR.BR_ORDER_SUB (ORDER_NO,PRODUCT_NO,PRODUCT_PRICE,ORDER_PRODUCT_AMOUNT) values (87,84,4100,5);
Insert into BR.BR_ORDER_SUB (ORDER_NO,PRODUCT_NO,PRODUCT_PRICE,ORDER_PRODUCT_AMOUNT) values (88,69,4100,2);
Insert into BR.BR_ORDER_SUB (ORDER_NO,PRODUCT_NO,PRODUCT_PRICE,ORDER_PRODUCT_AMOUNT) values (88,71,4100,6);
Insert into BR.BR_ORDER_SUB (ORDER_NO,PRODUCT_NO,PRODUCT_PRICE,ORDER_PRODUCT_AMOUNT) values (88,73,4100,3);
Insert into BR.BR_ORDER_SUB (ORDER_NO,PRODUCT_NO,PRODUCT_PRICE,ORDER_PRODUCT_AMOUNT) values (94,96,19000,1);
Insert into BR.BR_ORDER_SUB (ORDER_NO,PRODUCT_NO,PRODUCT_PRICE,ORDER_PRODUCT_AMOUNT) values (98,73,4100,1);
Insert into BR.BR_ORDER_SUB (ORDER_NO,PRODUCT_NO,PRODUCT_PRICE,ORDER_PRODUCT_AMOUNT) values (98,75,4100,1);
Insert into BR.BR_ORDER_SUB (ORDER_NO,PRODUCT_NO,PRODUCT_PRICE,ORDER_PRODUCT_AMOUNT) values (99,71,4100,6);
Insert into BR.BR_ORDER_SUB (ORDER_NO,PRODUCT_NO,PRODUCT_PRICE,ORDER_PRODUCT_AMOUNT) values (99,73,4100,3);
Insert into BR.BR_ORDER_SUB (ORDER_NO,PRODUCT_NO,PRODUCT_PRICE,ORDER_PRODUCT_AMOUNT) values (99,75,4100,1);
Insert into BR.BR_ORDER_SUB (ORDER_NO,PRODUCT_NO,PRODUCT_PRICE,ORDER_PRODUCT_AMOUNT) values (99,84,4100,1);
Insert into BR.BR_ORDER_SUB (ORDER_NO,PRODUCT_NO,PRODUCT_PRICE,ORDER_PRODUCT_AMOUNT) values (99,96,19000,1);
Insert into BR.BR_ORDER_SUB (ORDER_NO,PRODUCT_NO,PRODUCT_PRICE,ORDER_PRODUCT_AMOUNT) values (106,75,4100,1);
Insert into BR.BR_ORDER_SUB (ORDER_NO,PRODUCT_NO,PRODUCT_PRICE,ORDER_PRODUCT_AMOUNT) values (114,66,4100,4);
Insert into BR.BR_ORDER_SUB (ORDER_NO,PRODUCT_NO,PRODUCT_PRICE,ORDER_PRODUCT_AMOUNT) values (114,67,4100,1);
Insert into BR.BR_ORDER_SUB (ORDER_NO,PRODUCT_NO,PRODUCT_PRICE,ORDER_PRODUCT_AMOUNT) values (78,63,4100,1);
Insert into BR.BR_ORDER_SUB (ORDER_NO,PRODUCT_NO,PRODUCT_PRICE,ORDER_PRODUCT_AMOUNT) values (78,64,4100,2);
Insert into BR.BR_ORDER_SUB (ORDER_NO,PRODUCT_NO,PRODUCT_PRICE,ORDER_PRODUCT_AMOUNT) values (78,71,4100,3);
Insert into BR.BR_ORDER_SUB (ORDER_NO,PRODUCT_NO,PRODUCT_PRICE,ORDER_PRODUCT_AMOUNT) values (79,64,4100,5);
Insert into BR.BR_ORDER_SUB (ORDER_NO,PRODUCT_NO,PRODUCT_PRICE,ORDER_PRODUCT_AMOUNT) values (86,71,4100,1);
Insert into BR.BR_ORDER_SUB (ORDER_NO,PRODUCT_NO,PRODUCT_PRICE,ORDER_PRODUCT_AMOUNT) values (86,73,4100,1);
Insert into BR.BR_ORDER_SUB (ORDER_NO,PRODUCT_NO,PRODUCT_PRICE,ORDER_PRODUCT_AMOUNT) values (86,84,4100,1);
Insert into BR.BR_ORDER_SUB (ORDER_NO,PRODUCT_NO,PRODUCT_PRICE,ORDER_PRODUCT_AMOUNT) values (107,75,4100,1);
Insert into BR.BR_ORDER_SUB (ORDER_NO,PRODUCT_NO,PRODUCT_PRICE,ORDER_PRODUCT_AMOUNT) values (107,84,4100,1);
Insert into BR.BR_ORDER_SUB (ORDER_NO,PRODUCT_NO,PRODUCT_PRICE,ORDER_PRODUCT_AMOUNT) values (111,74,4100,4);
Insert into BR.BR_ORDER_SUB (ORDER_NO,PRODUCT_NO,PRODUCT_PRICE,ORDER_PRODUCT_AMOUNT) values (104,75,4100,6);
Insert into BR.BR_ORDER_SUB (ORDER_NO,PRODUCT_NO,PRODUCT_PRICE,ORDER_PRODUCT_AMOUNT) values (107,71,4100,1);
Insert into BR.BR_ORDER_SUB (ORDER_NO,PRODUCT_NO,PRODUCT_PRICE,ORDER_PRODUCT_AMOUNT) values (111,75,4100,1);
Insert into BR.BR_ORDER_SUB (ORDER_NO,PRODUCT_NO,PRODUCT_PRICE,ORDER_PRODUCT_AMOUNT) values (111,99,27000,2);
Insert into BR.BR_ORDER_SUB (ORDER_NO,PRODUCT_NO,PRODUCT_PRICE,ORDER_PRODUCT_AMOUNT) values (112,64,4100,12);
Insert into BR.BR_ORDER_SUB (ORDER_NO,PRODUCT_NO,PRODUCT_PRICE,ORDER_PRODUCT_AMOUNT) values (113,64,4100,19);
Insert into BR.BR_ORDER_SUB (ORDER_NO,PRODUCT_NO,PRODUCT_PRICE,ORDER_PRODUCT_AMOUNT) values (80,69,4100,1);
Insert into BR.BR_ORDER_SUB (ORDER_NO,PRODUCT_NO,PRODUCT_PRICE,ORDER_PRODUCT_AMOUNT) values (80,71,4100,1);
Insert into BR.BR_ORDER_SUB (ORDER_NO,PRODUCT_NO,PRODUCT_PRICE,ORDER_PRODUCT_AMOUNT) values (80,76,4100,1);
Insert into BR.BR_ORDER_SUB (ORDER_NO,PRODUCT_NO,PRODUCT_PRICE,ORDER_PRODUCT_AMOUNT) values (82,62,4100,7);
Insert into BR.BR_ORDER_SUB (ORDER_NO,PRODUCT_NO,PRODUCT_PRICE,ORDER_PRODUCT_AMOUNT) values (57,63,4100,1);
Insert into BR.BR_ORDER_SUB (ORDER_NO,PRODUCT_NO,PRODUCT_PRICE,ORDER_PRODUCT_AMOUNT) values (58,64,4100,1);
REM INSERTING into BR.BR_PRODUCT_IMAGE_PATH
SET DEFINE OFF;
Insert into BR.BR_PRODUCT_IMAGE_PATH (PRODUCT_NO,IMAGE_PATH) values (61,'ALMOND BONBONBON.png');
Insert into BR.BR_PRODUCT_IMAGE_PATH (PRODUCT_NO,IMAGE_PATH) values (62,'CHOCO ALMOND BONBON.png');
Insert into BR.BR_PRODUCT_IMAGE_PATH (PRODUCT_NO,IMAGE_PATH) values (63,'FantasticTrol.png');
Insert into BR.BR_PRODUCT_IMAGE_PATH (PRODUCT_NO,IMAGE_PATH) values (64,'IceBananaKick.png');
Insert into BR.BR_PRODUCT_IMAGE_PATH (PRODUCT_NO,IMAGE_PATH) values (65,'PUSS IN BOOTS.png');
Insert into BR.BR_PRODUCT_IMAGE_PATH (PRODUCT_NO,IMAGE_PATH) values (66,'OREO COOKIES´ N CREAM CHEESE.png');
Insert into BR.BR_PRODUCT_IMAGE_PATH (PRODUCT_NO,IMAGE_PATH) values (67,'PAPA & DAUGHTER ICECREAM.png');
Insert into BR.BR_PRODUCT_IMAGE_PATH (PRODUCT_NO,IMAGE_PATH) values (68,'ZZON TTEOK ICE CREAM.png');
Insert into BR.BR_PRODUCT_IMAGE_PATH (PRODUCT_NO,IMAGE_PATH) values (69,'BERRY GRANOLA.png');
Insert into BR.BR_PRODUCT_IMAGE_PATH (PRODUCT_NO,IMAGE_PATH) values (70,'BONJOUR, MACARON.png');
Insert into BR.BR_PRODUCT_IMAGE_PATH (PRODUCT_NO,IMAGE_PATH) values (71,'YOU ARE SO DALGONA.png');
Insert into BR.BR_PRODUCT_IMAGE_PATH (PRODUCT_NO,IMAGE_PATH) values (72,'HONEY CHEESE TRAP.png');
Insert into BR.BR_PRODUCT_IMAGE_PATH (PRODUCT_NO,IMAGE_PATH) values (73,'STRAWBERRY IN MILK.png');
Insert into BR.BR_PRODUCT_IMAGE_PATH (PRODUCT_NO,IMAGE_PATH) values (74,'MINT CHOCOLATE CHIP.png');
Insert into BR.BR_PRODUCT_IMAGE_PATH (PRODUCT_NO,IMAGE_PATH) values (75,'SHOOTING STAR.png');
Insert into BR.BR_PRODUCT_IMAGE_PATH (PRODUCT_NO,IMAGE_PATH) values (76,'LOVE STRUCK STRAWBERRY.png');
Insert into BR.BR_PRODUCT_IMAGE_PATH (PRODUCT_NO,IMAGE_PATH) values (77,'CHOCOLATE FOREST.png');
Insert into BR.BR_PRODUCT_IMAGE_PATH (PRODUCT_NO,IMAGE_PATH) values (78,'NEW YORK CHEESECAKE.png');
Insert into BR.BR_PRODUCT_IMAGE_PATH (PRODUCT_NO,IMAGE_PATH) values (79,'PISTACHIO ALMOND.png');
Insert into BR.BR_PRODUCT_IMAGE_PATH (PRODUCT_NO,IMAGE_PATH) values (80,'VERY BERRY STRAWBERRY.png');
Insert into BR.BR_PRODUCT_IMAGE_PATH (PRODUCT_NO,IMAGE_PATH) values (81,'TWINBERRY CHEESECAKE.png');
Insert into BR.BR_PRODUCT_IMAGE_PATH (PRODUCT_NO,IMAGE_PATH) values (82,'RAINBOW SHERBET.png');
Insert into BR.BR_PRODUCT_IMAGE_PATH (PRODUCT_NO,IMAGE_PATH) values (83,'JAMOCA ALMOND FUDGE.png');
Insert into BR.BR_PRODUCT_IMAGE_PATH (PRODUCT_NO,IMAGE_PATH) values (84,'COTTON CANDY WONDERLAND.png');
Insert into BR.BR_PRODUCT_IMAGE_PATH (PRODUCT_NO,IMAGE_PATH) values (85,'CHOCOLATE.png');
Insert into BR.BR_PRODUCT_IMAGE_PATH (PRODUCT_NO,IMAGE_PATH) values (86,'31 YOGURT.png');
Insert into BR.BR_PRODUCT_IMAGE_PATH (PRODUCT_NO,IMAGE_PATH) values (87,'GREEN TEA.png');
Insert into BR.BR_PRODUCT_IMAGE_PATH (PRODUCT_NO,IMAGE_PATH) values (88,'CHERRIES JUBILEE.png');
Insert into BR.BR_PRODUCT_IMAGE_PATH (PRODUCT_NO,IMAGE_PATH) values (89,'OREO COOKIES´N CREAM.png');
Insert into BR.BR_PRODUCT_IMAGE_PATH (PRODUCT_NO,IMAGE_PATH) values (90,'VANILLA.png');
Insert into BR.BR_PRODUCT_IMAGE_PATH (PRODUCT_NO,IMAGE_PATH) values (91,'CHOCOLATE MOUSSE.png');
Insert into BR.BR_PRODUCT_IMAGE_PATH (PRODUCT_NO,IMAGE_PATH) values (92,'CAKE_ALMODE BONBONBON.png');
Insert into BR.BR_PRODUCT_IMAGE_PATH (PRODUCT_NO,IMAGE_PATH) values (93,'CAKE_AWESOME_COOKIE.png');
Insert into BR.BR_PRODUCT_IMAGE_PATH (PRODUCT_NO,IMAGE_PATH) values (94,'CAKE_TROLL_FREINDS.png');
Insert into BR.BR_PRODUCT_IMAGE_PATH (PRODUCT_NO,IMAGE_PATH) values (95,'CAKE_TROLL_WORLD_TOUR.png');
Insert into BR.BR_PRODUCT_IMAGE_PATH (PRODUCT_NO,IMAGE_PATH) values (96,'CAKE_FRIEND_RYAN.png');
Insert into BR.BR_PRODUCT_IMAGE_PATH (PRODUCT_NO,IMAGE_PATH) values (97,'CAKE_SNOW_ADVENTURE.png');
Insert into BR.BR_PRODUCT_IMAGE_PATH (PRODUCT_NO,IMAGE_PATH) values (98,'CAKE_MON_ALIEN.png');
Insert into BR.BR_PRODUCT_IMAGE_PATH (PRODUCT_NO,IMAGE_PATH) values (99,'CAKE_REAL27.png');
Insert into BR.BR_PRODUCT_IMAGE_PATH (PRODUCT_NO,IMAGE_PATH) values (100,'CAKE_PUZZLE_WachuOne.png');
Insert into BR.BR_PRODUCT_IMAGE_PATH (PRODUCT_NO,IMAGE_PATH) values (101,'CAKE_SECRET_RYAN.png');
Insert into BR.BR_PRODUCT_IMAGE_PATH (PRODUCT_NO,IMAGE_PATH) values (102,'CAKE_HAPPYDAY_KAKAO.png');
Insert into BR.BR_PRODUCT_IMAGE_PATH (PRODUCT_NO,IMAGE_PATH) values (103,'CAKE_SECRET_APEACH.png');
Insert into BR.BR_PRODUCT_IMAGE_PATH (PRODUCT_NO,IMAGE_PATH) values (104,'CAKE_EAT_WachuOne.png');
Insert into BR.BR_PRODUCT_IMAGE_PATH (PRODUCT_NO,IMAGE_PATH) values (105,'CAKE_INCREDIBLE_WachuOne.png');
Insert into BR.BR_PRODUCT_IMAGE_PATH (PRODUCT_NO,IMAGE_PATH) values (106,'CAKE_DOUBLE_CHOCOLATE_BLOSSOM.png');
Insert into BR.BR_PRODUCT_IMAGE_PATH (PRODUCT_NO,IMAGE_PATH) values (107,'CAKE_RAINBOW_MACARON.png');
Insert into BR.BR_PRODUCT_IMAGE_PATH (PRODUCT_NO,IMAGE_PATH) values (108,'CAKE_SWEET_GIFT.png');
Insert into BR.BR_PRODUCT_IMAGE_PATH (PRODUCT_NO,IMAGE_PATH) values (109,'CAKE_SELECT_WachuOne.png');
Insert into BR.BR_PRODUCT_IMAGE_PATH (PRODUCT_NO,IMAGE_PATH) values (110,'CAKE_DUAL_WachuOne_NO9.png');
Insert into BR.BR_PRODUCT_IMAGE_PATH (PRODUCT_NO,IMAGE_PATH) values (111,'CAKE_SMILE_SNOW_BLOSSOM.png');
Insert into BR.BR_PRODUCT_IMAGE_PATH (PRODUCT_NO,IMAGE_PATH) values (112,'CAKE_SWEET_PONGPONG_FLOWER.png');
Insert into BR.BR_PRODUCT_IMAGE_PATH (PRODUCT_NO,IMAGE_PATH) values (113,'CAKE_DIVIDE_WachuOne.png');
Insert into BR.BR_PRODUCT_IMAGE_PATH (PRODUCT_NO,IMAGE_PATH) values (114,'CAKE_CUBE_WachuOne.png');
REM INSERTING into BR.BR_PRODUCT_LIKE
SET DEFINE OFF;
REM INSERTING into BR.BR_PRODUCT_SIZE
SET DEFINE OFF;
Insert into BR.BR_PRODUCT_SIZE (PRODUCT_SIZE,SIZE_PRICE,SIZE_POINT,SIZE_COMMENT) values ('싱글레귤러',3200,64,'한가지 맛을 센스있게 즐길수 있는 사이즈');
Insert into BR.BR_PRODUCT_SIZE (PRODUCT_SIZE,SIZE_PRICE,SIZE_POINT,SIZE_COMMENT) values ('싱글킹',4000,80,'좋아하는 맛 한가지만 듬뿍 맛볼 수 있는 사이즈');
Insert into BR.BR_PRODUCT_SIZE (PRODUCT_SIZE,SIZE_PRICE,SIZE_POINT,SIZE_COMMENT) values ('더블주니어',4300,86,'두가지 맛을 조금씩 한번에 즐기는 사이즈');
Insert into BR.BR_PRODUCT_SIZE (PRODUCT_SIZE,SIZE_PRICE,SIZE_POINT,SIZE_COMMENT) values ('더블레귤러',6200,124,'아이스크림 매니아를 위한 진정한 더블 사이즈');
Insert into BR.BR_PRODUCT_SIZE (PRODUCT_SIZE,SIZE_PRICE,SIZE_POINT,SIZE_COMMENT) values ('파인트',8200,164,'3가지 맛을 골라먹는 재미가 있는 사이즈');
Insert into BR.BR_PRODUCT_SIZE (PRODUCT_SIZE,SIZE_PRICE,SIZE_POINT,SIZE_COMMENT) values ('쿼터',15500,310,'4가지 맛을 골라먹는 재미가 있는 사이즈');
Insert into BR.BR_PRODUCT_SIZE (PRODUCT_SIZE,SIZE_PRICE,SIZE_POINT,SIZE_COMMENT) values ('패밀리',22000,440,'5가지 맛을 나눠먹는 재미가 있는 사이즈');
Insert into BR.BR_PRODUCT_SIZE (PRODUCT_SIZE,SIZE_PRICE,SIZE_POINT,SIZE_COMMENT) values ('하프갤런',26500,530,'6가지 맛을 나눠먹는 재미가 있는 사이즈');
REM INSERTING into BR.BR_PRODUCT_TAG
SET DEFINE OFF;
Insert into BR.BR_PRODUCT_TAG (PRODUCT_NO,PRODUCT_TAG) values (61,'#아몬드봉봉봉');
Insert into BR.BR_PRODUCT_TAG (PRODUCT_NO,PRODUCT_TAG) values (62,'#초코아몬드봉봉');
Insert into BR.BR_PRODUCT_TAG (PRODUCT_NO,PRODUCT_TAG) values (63,'#판타스틱트롤');
Insert into BR.BR_PRODUCT_TAG (PRODUCT_NO,PRODUCT_TAG) values (64,'#아이스바나나킥');
Insert into BR.BR_PRODUCT_TAG (PRODUCT_NO,PRODUCT_TAG) values (65,'#초콜릿');
Insert into BR.BR_PRODUCT_TAG (PRODUCT_NO,PRODUCT_TAG) values (66,'#오레오쿠키앤크림치즈');
Insert into BR.BR_PRODUCT_TAG (PRODUCT_NO,PRODUCT_TAG) values (67,'#아빠는딸바봉');
Insert into BR.BR_PRODUCT_TAG (PRODUCT_NO,PRODUCT_TAG) values (68,'#쫀떡');
Insert into BR.BR_PRODUCT_TAG (PRODUCT_NO,PRODUCT_TAG) values (69,'#베리그래놀라');
Insert into BR.BR_PRODUCT_TAG (PRODUCT_NO,PRODUCT_TAG) values (70,'#초콜릿');
Insert into BR.BR_PRODUCT_TAG (PRODUCT_NO,PRODUCT_TAG) values (71,'#카라멜');
Insert into BR.BR_PRODUCT_TAG (PRODUCT_NO,PRODUCT_TAG) values (72,'#마스카포네');
Insert into BR.BR_PRODUCT_TAG (PRODUCT_NO,PRODUCT_TAG) values (73,'#딸기');
Insert into BR.BR_PRODUCT_TAG (PRODUCT_NO,PRODUCT_TAG) values (74,'#민트');
Insert into BR.BR_PRODUCT_TAG (PRODUCT_NO,PRODUCT_TAG) values (75,'#팝핑캔디');
Insert into BR.BR_PRODUCT_TAG (PRODUCT_NO,PRODUCT_TAG) values (76,'#사빠딸');
Insert into BR.BR_PRODUCT_TAG (PRODUCT_NO,PRODUCT_TAG) values (77,'#그린티');
Insert into BR.BR_PRODUCT_TAG (PRODUCT_NO,PRODUCT_TAG) values (78,'#치즈');
Insert into BR.BR_PRODUCT_TAG (PRODUCT_NO,PRODUCT_TAG) values (79,'#피스타치오');
Insert into BR.BR_PRODUCT_TAG (PRODUCT_NO,PRODUCT_TAG) values (80,'#베리베리');
Insert into BR.BR_PRODUCT_TAG (PRODUCT_NO,PRODUCT_TAG) values (81,'#블루베리');
Insert into BR.BR_PRODUCT_TAG (PRODUCT_NO,PRODUCT_TAG) values (82,'#파인애플');
Insert into BR.BR_PRODUCT_TAG (PRODUCT_NO,PRODUCT_TAG) values (83,'#아몬드');
Insert into BR.BR_PRODUCT_TAG (PRODUCT_NO,PRODUCT_TAG) values (84,'#이나솜');
Insert into BR.BR_PRODUCT_TAG (PRODUCT_NO,PRODUCT_TAG) values (85,'#초코');
Insert into BR.BR_PRODUCT_TAG (PRODUCT_NO,PRODUCT_TAG) values (86,'#요거트');
Insert into BR.BR_PRODUCT_TAG (PRODUCT_NO,PRODUCT_TAG) values (87,'#그린티');
Insert into BR.BR_PRODUCT_TAG (PRODUCT_NO,PRODUCT_TAG) values (88,'#체리');
Insert into BR.BR_PRODUCT_TAG (PRODUCT_NO,PRODUCT_TAG) values (89,'#오레오');
Insert into BR.BR_PRODUCT_TAG (PRODUCT_NO,PRODUCT_TAG) values (90,'#바닐라');
Insert into BR.BR_PRODUCT_TAG (PRODUCT_NO,PRODUCT_TAG) values (91,'#초콜릿');
Insert into BR.BR_PRODUCT_TAG (PRODUCT_NO,PRODUCT_TAG) values (61,'#초코아몬드');
Insert into BR.BR_PRODUCT_TAG (PRODUCT_NO,PRODUCT_TAG) values (62,'#밀크초콜릿');
Insert into BR.BR_PRODUCT_TAG (PRODUCT_NO,PRODUCT_TAG) values (63,'#체리아이스크림');
Insert into BR.BR_PRODUCT_TAG (PRODUCT_NO,PRODUCT_TAG) values (65,'#초코볼');
Insert into BR.BR_PRODUCT_TAG (PRODUCT_NO,PRODUCT_TAG) values (66,'#크림치즈아이스크림');
Insert into BR.BR_PRODUCT_TAG (PRODUCT_NO,PRODUCT_TAG) values (67,'#딸기아이스크림');
Insert into BR.BR_PRODUCT_TAG (PRODUCT_NO,PRODUCT_TAG) values (68,'#인절미');
Insert into BR.BR_PRODUCT_TAG (PRODUCT_NO,PRODUCT_TAG) values (69,'#마스카포네');
Insert into BR.BR_PRODUCT_TAG (PRODUCT_NO,PRODUCT_TAG) values (70,'#크림치즈');
Insert into BR.BR_PRODUCT_TAG (PRODUCT_NO,PRODUCT_TAG) values (71,'#달고나');
Insert into BR.BR_PRODUCT_TAG (PRODUCT_NO,PRODUCT_TAG) values (72,'#치즈케이크');
Insert into BR.BR_PRODUCT_TAG (PRODUCT_NO,PRODUCT_TAG) values (73,'#우유');
Insert into BR.BR_PRODUCT_TAG (PRODUCT_NO,PRODUCT_TAG) values (74,'#초콜릿칩');
Insert into BR.BR_PRODUCT_TAG (PRODUCT_NO,PRODUCT_TAG) values (75,'#체리시럽');
Insert into BR.BR_PRODUCT_TAG (PRODUCT_NO,PRODUCT_TAG) values (76,'#사랑에빠진딸기');
Insert into BR.BR_PRODUCT_TAG (PRODUCT_NO,PRODUCT_TAG) values (77,'#초콜릿');
Insert into BR.BR_PRODUCT_TAG (PRODUCT_NO,PRODUCT_TAG) values (78,'#치즈케이크');
Insert into BR.BR_PRODUCT_TAG (PRODUCT_NO,PRODUCT_TAG) values (79,'#아몬드');
Insert into BR.BR_PRODUCT_TAG (PRODUCT_NO,PRODUCT_TAG) values (80,'#스트로베리');
Insert into BR.BR_PRODUCT_TAG (PRODUCT_NO,PRODUCT_TAG) values (81,'#딸기');
Insert into BR.BR_PRODUCT_TAG (PRODUCT_NO,PRODUCT_TAG) values (82,'#오렌지');
Insert into BR.BR_PRODUCT_TAG (PRODUCT_NO,PRODUCT_TAG) values (83,'#자모카');
Insert into BR.BR_PRODUCT_TAG (PRODUCT_NO,PRODUCT_TAG) values (84,'#솜사탕');
Insert into BR.BR_PRODUCT_TAG (PRODUCT_NO,PRODUCT_TAG) values (85,'#초콜릿');
Insert into BR.BR_PRODUCT_TAG (PRODUCT_NO,PRODUCT_TAG) values (86,'#유산균함유');
Insert into BR.BR_PRODUCT_TAG (PRODUCT_NO,PRODUCT_TAG) values (87,'#녹차');
Insert into BR.BR_PRODUCT_TAG (PRODUCT_NO,PRODUCT_TAG) values (88,'#체리쥬빌레');
Insert into BR.BR_PRODUCT_TAG (PRODUCT_NO,PRODUCT_TAG) values (89,'#초콜릿');
Insert into BR.BR_PRODUCT_TAG (PRODUCT_NO,PRODUCT_TAG) values (91,'#무스');
Insert into BR.BR_PRODUCT_TAG (PRODUCT_NO,PRODUCT_TAG) values (61,'#바닐라');
Insert into BR.BR_PRODUCT_TAG (PRODUCT_NO,PRODUCT_TAG) values (62,'#초코아몬드');
Insert into BR.BR_PRODUCT_TAG (PRODUCT_NO,PRODUCT_TAG) values (63,'#키위샤베트');
Insert into BR.BR_PRODUCT_TAG (PRODUCT_NO,PRODUCT_TAG) values (65,'#엄마는 외계인');
Insert into BR.BR_PRODUCT_TAG (PRODUCT_NO,PRODUCT_TAG) values (66,'#오레오쿠키');
Insert into BR.BR_PRODUCT_TAG (PRODUCT_NO,PRODUCT_TAG) values (67,'#딸기무스아이스크림');
Insert into BR.BR_PRODUCT_TAG (PRODUCT_NO,PRODUCT_TAG) values (68,'#흑임자');
Insert into BR.BR_PRODUCT_TAG (PRODUCT_NO,PRODUCT_TAG) values (69,'#라즈베리');
Insert into BR.BR_PRODUCT_TAG (PRODUCT_NO,PRODUCT_TAG) values (70,'#마카롱');
Insert into BR.BR_PRODUCT_TAG (PRODUCT_NO,PRODUCT_TAG) values (71,'#너는참달고나');
Insert into BR.BR_PRODUCT_TAG (PRODUCT_NO,PRODUCT_TAG) values (72,'#허니치즈트랩');
Insert into BR.BR_PRODUCT_TAG (PRODUCT_NO,PRODUCT_TAG) values (73,'#스트로베리');
Insert into BR.BR_PRODUCT_TAG (PRODUCT_NO,PRODUCT_TAG) values (74,'#민트초콜릿칩');
Insert into BR.BR_PRODUCT_TAG (PRODUCT_NO,PRODUCT_TAG) values (75,'#스프링클캔디');
Insert into BR.BR_PRODUCT_TAG (PRODUCT_NO,PRODUCT_TAG) values (76,'#크런치초콜릿');
Insert into BR.BR_PRODUCT_TAG (PRODUCT_NO,PRODUCT_TAG) values (77,'#초코녹차');
Insert into BR.BR_PRODUCT_TAG (PRODUCT_NO,PRODUCT_TAG) values (80,'#딸기');
Insert into BR.BR_PRODUCT_TAG (PRODUCT_NO,PRODUCT_TAG) values (81,'#치즈케이크');
Insert into BR.BR_PRODUCT_TAG (PRODUCT_NO,PRODUCT_TAG) values (82,'#라즈베리');
Insert into BR.BR_PRODUCT_TAG (PRODUCT_NO,PRODUCT_TAG) values (83,'#자모카아이스크림');
Insert into BR.BR_PRODUCT_TAG (PRODUCT_NO,PRODUCT_TAG) values (84,'#이상한나라의솜사탕');
Insert into BR.BR_PRODUCT_TAG (PRODUCT_NO,PRODUCT_TAG) values (86,'#31요거트');
Insert into BR.BR_PRODUCT_TAG (PRODUCT_NO,PRODUCT_TAG) values (91,'#초콜릿칩');
Insert into BR.BR_PRODUCT_TAG (PRODUCT_NO,PRODUCT_TAG) values (62,'#초콜릿칩');
Insert into BR.BR_PRODUCT_TAG (PRODUCT_NO,PRODUCT_TAG) values (66,'#크림치즈크런치');
Insert into BR.BR_PRODUCT_TAG (PRODUCT_NO,PRODUCT_TAG) values (67,'#바닐라아이스크림');
Insert into BR.BR_PRODUCT_TAG (PRODUCT_NO,PRODUCT_TAG) values (68,'#찹쌀떡');
Insert into BR.BR_PRODUCT_TAG (PRODUCT_NO,PRODUCT_TAG) values (69,'#그래놀라');
Insert into BR.BR_PRODUCT_TAG (PRODUCT_NO,PRODUCT_TAG) values (70,'#봉쥬르마카롱');
Insert into BR.BR_PRODUCT_TAG (PRODUCT_NO,PRODUCT_TAG) values (80,'#베리베리스트로베리');
Insert into BR.BR_PRODUCT_TAG (PRODUCT_NO,PRODUCT_TAG) values (72,'#톰과제리');
Insert into BR.BR_PRODUCT_TAG (PRODUCT_NO,PRODUCT_TAG) values (73,'#이달의 맛');
Insert into BR.BR_PRODUCT_TAG (PRODUCT_NO,PRODUCT_TAG) values (70,'#화이트데이');
Insert into BR.BR_PRODUCT_TAG (PRODUCT_NO,PRODUCT_TAG) values (75,'#슈팅스타');
Insert into BR.BR_PRODUCT_TAG (PRODUCT_NO,PRODUCT_TAG) values (76,'#치즈케이크');
Insert into BR.BR_PRODUCT_TAG (PRODUCT_NO,PRODUCT_TAG) values (77,'#초코나무');
Insert into BR.BR_PRODUCT_TAG (PRODUCT_NO,PRODUCT_TAG) values (82,'#샤베트');
Insert into BR.BR_PRODUCT_TAG (PRODUCT_NO,PRODUCT_TAG) values (83,'#초콜릿');
Insert into BR.BR_PRODUCT_TAG (PRODUCT_NO,PRODUCT_TAG) values (67,'#봉봉프레첼');
Insert into BR.BR_PRODUCT_TAG (PRODUCT_NO,PRODUCT_TAG) values (82,'#레인보우샤베트');
Insert into BR.BR_PRODUCT_TAG (PRODUCT_NO,PRODUCT_TAG) values (92,'#아몬드봉봉봉');
Insert into BR.BR_PRODUCT_TAG (PRODUCT_NO,PRODUCT_TAG) values (93,'#아몬드봉봉봉');
Insert into BR.BR_PRODUCT_TAG (PRODUCT_NO,PRODUCT_TAG) values (94,'#판타스틱트롤');
Insert into BR.BR_PRODUCT_TAG (PRODUCT_NO,PRODUCT_TAG) values (95,'#트롤의월드투어');
Insert into BR.BR_PRODUCT_TAG (PRODUCT_NO,PRODUCT_TAG) values (96,'#내친구라이언');
Insert into BR.BR_PRODUCT_TAG (PRODUCT_NO,PRODUCT_TAG) values (97,'#겨울왕국');
Insert into BR.BR_PRODUCT_TAG (PRODUCT_NO,PRODUCT_TAG) values (98,'#엄마는외계인');
Insert into BR.BR_PRODUCT_TAG (PRODUCT_NO,PRODUCT_TAG) values (99,'#큐브');
Insert into BR.BR_PRODUCT_TAG (PRODUCT_NO,PRODUCT_TAG) values (100,'#퍼즐와츄원');
Insert into BR.BR_PRODUCT_TAG (PRODUCT_NO,PRODUCT_TAG) values (101,'#시크릿라이언');
Insert into BR.BR_PRODUCT_TAG (PRODUCT_NO,PRODUCT_TAG) values (102,'#카카오프렌즈');
Insert into BR.BR_PRODUCT_TAG (PRODUCT_NO,PRODUCT_TAG) values (103,'#시크릿어피치');
Insert into BR.BR_PRODUCT_TAG (PRODUCT_NO,PRODUCT_TAG) values (104,'#슈팅스타');
Insert into BR.BR_PRODUCT_TAG (PRODUCT_NO,PRODUCT_TAG) values (105,'#와츄원');
Insert into BR.BR_PRODUCT_TAG (PRODUCT_NO,PRODUCT_TAG) values (106,'#초콜릿무스');
Insert into BR.BR_PRODUCT_TAG (PRODUCT_NO,PRODUCT_TAG) values (107,'#베리베리스트로베리');
Insert into BR.BR_PRODUCT_TAG (PRODUCT_NO,PRODUCT_TAG) values (108,'#엄마는외계인');
Insert into BR.BR_PRODUCT_TAG (PRODUCT_NO,PRODUCT_TAG) values (109,'#엄마는외계인');
Insert into BR.BR_PRODUCT_TAG (PRODUCT_NO,PRODUCT_TAG) values (110,'#듀얼 와츄원NO.9');
Insert into BR.BR_PRODUCT_TAG (PRODUCT_NO,PRODUCT_TAG) values (111,'#쿠키앤크림');
Insert into BR.BR_PRODUCT_TAG (PRODUCT_NO,PRODUCT_TAG) values (112,'#쿠키앤크림');
Insert into BR.BR_PRODUCT_TAG (PRODUCT_NO,PRODUCT_TAG) values (113,'#나눠먹는 큐브 와츄원');
Insert into BR.BR_PRODUCT_TAG (PRODUCT_NO,PRODUCT_TAG) values (114,'#뉴욕치즈케이크');
Insert into BR.BR_PRODUCT_TAG (PRODUCT_NO,PRODUCT_TAG) values (92,'#초콜릿');
Insert into BR.BR_PRODUCT_TAG (PRODUCT_NO,PRODUCT_TAG) values (93,'#엄마는외계인');
Insert into BR.BR_PRODUCT_TAG (PRODUCT_NO,PRODUCT_TAG) values (94,'#초콜릿');
Insert into BR.BR_PRODUCT_TAG (PRODUCT_NO,PRODUCT_TAG) values (95,'#체리쥬빌레');
Insert into BR.BR_PRODUCT_TAG (PRODUCT_NO,PRODUCT_TAG) values (96,'#바닐라');
Insert into BR.BR_PRODUCT_TAG (PRODUCT_NO,PRODUCT_TAG) values (97,'#엘사');
Insert into BR.BR_PRODUCT_TAG (PRODUCT_NO,PRODUCT_TAG) values (98,'#아몬드봉봉');
Insert into BR.BR_PRODUCT_TAG (PRODUCT_NO,PRODUCT_TAG) values (99,'#아몬드봉봉');
Insert into BR.BR_PRODUCT_TAG (PRODUCT_NO,PRODUCT_TAG) values (100,'#체리');
Insert into BR.BR_PRODUCT_TAG (PRODUCT_NO,PRODUCT_TAG) values (101,'#슈팅스타');
Insert into BR.BR_PRODUCT_TAG (PRODUCT_NO,PRODUCT_TAG) values (102,'#뉴욕치즈케이크');
Insert into BR.BR_PRODUCT_TAG (PRODUCT_NO,PRODUCT_TAG) values (103,'#베리베리스트로베리');
Insert into BR.BR_PRODUCT_TAG (PRODUCT_NO,PRODUCT_TAG) values (104,'#초콜릿무스');
Insert into BR.BR_PRODUCT_TAG (PRODUCT_NO,PRODUCT_TAG) values (105,'#민트초콜릿칩');
Insert into BR.BR_PRODUCT_TAG (PRODUCT_NO,PRODUCT_TAG) values (106,'#아몬드봉봉');
Insert into BR.BR_PRODUCT_TAG (PRODUCT_NO,PRODUCT_TAG) values (107,'#이상한나라의솜사탕');
Insert into BR.BR_PRODUCT_TAG (PRODUCT_NO,PRODUCT_TAG) values (108,'#뉴욕치즈케이크');
Insert into BR.BR_PRODUCT_TAG (PRODUCT_NO,PRODUCT_TAG) values (109,'#베리베리스트로베리');
Insert into BR.BR_PRODUCT_TAG (PRODUCT_NO,PRODUCT_TAG) values (110,'#블루베리치즈케이크');
Insert into BR.BR_PRODUCT_TAG (PRODUCT_NO,PRODUCT_TAG) values (111,'#엄마는외계인');
Insert into BR.BR_PRODUCT_TAG (PRODUCT_NO,PRODUCT_TAG) values (112,'#엄마는외계인');
Insert into BR.BR_PRODUCT_TAG (PRODUCT_NO,PRODUCT_TAG) values (113,'#체리쥬빌레');
Insert into BR.BR_PRODUCT_TAG (PRODUCT_NO,PRODUCT_TAG) values (114,'#슈팅스타');
Insert into BR.BR_PRODUCT_TAG (PRODUCT_NO,PRODUCT_TAG) values (107,'#엄마는외계인');
Insert into BR.BR_PRODUCT_TAG (PRODUCT_NO,PRODUCT_TAG) values (95,'#베리베리스트로베리');
Insert into BR.BR_PRODUCT_TAG (PRODUCT_NO,PRODUCT_TAG) values (96,'#블루베리치즈케이크');
Insert into BR.BR_PRODUCT_TAG (PRODUCT_NO,PRODUCT_TAG) values (97,'#아몬드봉봉');
Insert into BR.BR_PRODUCT_TAG (PRODUCT_NO,PRODUCT_TAG) values (98,'#민트초콜릿칩');
Insert into BR.BR_PRODUCT_TAG (PRODUCT_NO,PRODUCT_TAG) values (99,'#체리쥬빌레');
Insert into BR.BR_PRODUCT_TAG (PRODUCT_NO,PRODUCT_TAG) values (100,'#레인보우샤베트');
Insert into BR.BR_PRODUCT_TAG (PRODUCT_NO,PRODUCT_TAG) values (101,'#아몬드봉봉');
Insert into BR.BR_PRODUCT_TAG (PRODUCT_NO,PRODUCT_TAG) values (102,'#레인보우샤베트');
Insert into BR.BR_PRODUCT_TAG (PRODUCT_NO,PRODUCT_TAG) values (103,'#엄마는외계인');
Insert into BR.BR_PRODUCT_TAG (PRODUCT_NO,PRODUCT_TAG) values (104,'#쿠키앤크림');
Insert into BR.BR_PRODUCT_TAG (PRODUCT_NO,PRODUCT_TAG) values (105,'#체리쥬빌레');
Insert into BR.BR_PRODUCT_TAG (PRODUCT_NO,PRODUCT_TAG) values (107,'#아몬드봉봉');
Insert into BR.BR_PRODUCT_TAG (PRODUCT_NO,PRODUCT_TAG) values (108,'#레인보우샤베트');
Insert into BR.BR_PRODUCT_TAG (PRODUCT_NO,PRODUCT_TAG) values (109,'#체리쥬빌레');
Insert into BR.BR_PRODUCT_TAG (PRODUCT_NO,PRODUCT_TAG) values (110,'#쿠키앤크림');
Insert into BR.BR_PRODUCT_TAG (PRODUCT_NO,PRODUCT_TAG) values (111,'#레인보우샤베트');
Insert into BR.BR_PRODUCT_TAG (PRODUCT_NO,PRODUCT_TAG) values (112,'#체리쥬빌레');
Insert into BR.BR_PRODUCT_TAG (PRODUCT_NO,PRODUCT_TAG) values (113,'#아몬드봉봉');
Insert into BR.BR_PRODUCT_TAG (PRODUCT_NO,PRODUCT_TAG) values (114,'#아몬드봉봉');
Insert into BR.BR_PRODUCT_TAG (PRODUCT_NO,PRODUCT_TAG) values (92,'#초코볼');
Insert into BR.BR_PRODUCT_TAG (PRODUCT_NO,PRODUCT_TAG) values (93,'#민트초콜릿칩');
Insert into BR.BR_PRODUCT_TAG (PRODUCT_NO,PRODUCT_TAG) values (94,'#베리베리스트로베리');
Insert into BR.BR_PRODUCT_TAG (PRODUCT_NO,PRODUCT_TAG) values (95,'#아몬드봉봉');
Insert into BR.BR_PRODUCT_TAG (PRODUCT_NO,PRODUCT_TAG) values (96,'#베리베리스트로베리');
Insert into BR.BR_PRODUCT_TAG (PRODUCT_NO,PRODUCT_TAG) values (97,'#안나');
Insert into BR.BR_PRODUCT_TAG (PRODUCT_NO,PRODUCT_TAG) values (98,'#쿠키앤크림');
Insert into BR.BR_PRODUCT_TAG (PRODUCT_NO,PRODUCT_TAG) values (99,'#엄마는외계인');
Insert into BR.BR_PRODUCT_TAG (PRODUCT_NO,PRODUCT_TAG) values (100,'#민트');
Insert into BR.BR_PRODUCT_TAG (PRODUCT_NO,PRODUCT_TAG) values (101,'#체리쥬빌레');
Insert into BR.BR_PRODUCT_TAG (PRODUCT_NO,PRODUCT_TAG) values (102,'#베리베리스트로베리');
Insert into BR.BR_PRODUCT_TAG (PRODUCT_NO,PRODUCT_TAG) values (103,'#체리쥬빌레');
Insert into BR.BR_PRODUCT_TAG (PRODUCT_NO,PRODUCT_TAG) values (104,'#이상한나라의솜사탕');
Insert into BR.BR_PRODUCT_TAG (PRODUCT_NO,PRODUCT_TAG) values (105,'#아몬드봉봉');
Insert into BR.BR_PRODUCT_TAG (PRODUCT_NO,PRODUCT_TAG) values (95,'#뉴욕치즈케이크');
Insert into BR.BR_PRODUCT_TAG (PRODUCT_NO,PRODUCT_TAG) values (97,'#엄마는외계인');
Insert into BR.BR_PRODUCT_TAG (PRODUCT_NO,PRODUCT_TAG) values (98,'#31요거트');
Insert into BR.BR_PRODUCT_TAG (PRODUCT_NO,PRODUCT_TAG) values (99,'#슈팅스타');
Insert into BR.BR_PRODUCT_TAG (PRODUCT_NO,PRODUCT_TAG) values (101,'#엄마는외계인');
Insert into BR.BR_PRODUCT_TAG (PRODUCT_NO,PRODUCT_TAG) values (102,'#슈팅스타');
Insert into BR.BR_PRODUCT_TAG (PRODUCT_NO,PRODUCT_TAG) values (103,'#아몬드봉봉');
Insert into BR.BR_PRODUCT_TAG (PRODUCT_NO,PRODUCT_TAG) values (104,'#베리베리스트로베리');
Insert into BR.BR_PRODUCT_TAG (PRODUCT_NO,PRODUCT_TAG) values (105,'#쿠키앤크림');
Insert into BR.BR_PRODUCT_TAG (PRODUCT_NO,PRODUCT_TAG) values (107,'#체리쥬빌레');
Insert into BR.BR_PRODUCT_TAG (PRODUCT_NO,PRODUCT_TAG) values (109,'#아몬드봉봉');
Insert into BR.BR_PRODUCT_TAG (PRODUCT_NO,PRODUCT_TAG) values (110,'#엄마는외계인');
Insert into BR.BR_PRODUCT_TAG (PRODUCT_NO,PRODUCT_TAG) values (111,'#베리베리스트로베리');
Insert into BR.BR_PRODUCT_TAG (PRODUCT_NO,PRODUCT_TAG) values (112,'#이상한나라의솜사탕');
Insert into BR.BR_PRODUCT_TAG (PRODUCT_NO,PRODUCT_TAG) values (113,'#슈팅스타');
Insert into BR.BR_PRODUCT_TAG (PRODUCT_NO,PRODUCT_TAG) values (114,'#베리베리스트로베리');
Insert into BR.BR_PRODUCT_TAG (PRODUCT_NO,PRODUCT_TAG) values (109,'#슈팅스타');
Insert into BR.BR_PRODUCT_TAG (PRODUCT_NO,PRODUCT_TAG) values (110,'#아몬드봉봉');
Insert into BR.BR_PRODUCT_TAG (PRODUCT_NO,PRODUCT_TAG) values (111,'#슈팅스타');
Insert into BR.BR_PRODUCT_TAG (PRODUCT_NO,PRODUCT_TAG) values (112,'#민트초콜릿칩');
Insert into BR.BR_PRODUCT_TAG (PRODUCT_NO,PRODUCT_TAG) values (113,'#뉴욕치즈케이크');
Insert into BR.BR_PRODUCT_TAG (PRODUCT_NO,PRODUCT_TAG) values (114,'#쿠키앤크림');
Insert into BR.BR_PRODUCT_TAG (PRODUCT_NO,PRODUCT_TAG) values (92,'#쿠키앤크림');
REM INSERTING into BR.BR_PRODUCTS
SET DEFINE OFF;
Insert into BR.BR_PRODUCTS (PRODUCT_NO,NAME,AMOUNT,PRICE,POINT,DISCOUNT_PRICE,CATEGORY,REG_DATE,REVIEWS,EXPLAIN) values (61,'아몬드 봉봉봉',1000,5100,100,1000,'ICECREAM',to_date('20/06/12 17:13:00','RR/MM/DD HH24:MI:SS'),0,'부드러운 바닐라향 아이스크림에 달콤한 초콜릿 리본, 초코코팅 아몬드가 듬뿍 들어간 아이스크림');
Insert into BR.BR_PRODUCTS (PRODUCT_NO,NAME,AMOUNT,PRICE,POINT,DISCOUNT_PRICE,CATEGORY,REG_DATE,REVIEWS,EXPLAIN) values (62,'초코 아몬드 봉봉',1000,5100,100,1000,'ICECREAM',to_date('20/06/12 17:13:00','RR/MM/DD HH24:MI:SS'),0,'달콤한 밀크 초콜릿 아이스크림에 초코 아몬드, 초콜릿 칩이 들어간 아이스크림');
Insert into BR.BR_PRODUCTS (PRODUCT_NO,NAME,AMOUNT,PRICE,POINT,DISCOUNT_PRICE,CATEGORY,REG_DATE,REVIEWS,EXPLAIN) values (63,'판타스틱 트롤',1000,5100,100,1000,'ICECREAM',to_date('20/06/12 17:13:00','RR/MM/DD HH24:MI:SS'),0,'새콤한 체리 아이스크림, 상큼한 키위 샤베트에 스트로베리 리본과 트롤 캐릭터 모양의 젤리가 콕!');
Insert into BR.BR_PRODUCTS (PRODUCT_NO,NAME,AMOUNT,PRICE,POINT,DISCOUNT_PRICE,CATEGORY,REG_DATE,REVIEWS,EXPLAIN) values (64,'아이스 바나나킥',1000,5100,100,1000,'ICECREAM',to_date('20/06/12 17:13:00','RR/MM/DD HH24:MI:SS'),0,'달콤한 바나나킥&바나나 아이스크림에 미니 바나나킥이 쏘옥!');
Insert into BR.BR_PRODUCTS (PRODUCT_NO,NAME,AMOUNT,PRICE,POINT,DISCOUNT_PRICE,CATEGORY,REG_DATE,REVIEWS,EXPLAIN) values (65,'엄마는 외계인',1000,5100,100,1000,'ICECREAM',to_date('20/06/12 17:13:00','RR/MM/DD HH24:MI:SS'),0,'밀크 초콜릿, 다크 초콜릿, 화이트 무스 세 가지 아이스크림에 달콤 바삭한 초코볼이 더해진 아이스크림');
Insert into BR.BR_PRODUCTS (PRODUCT_NO,NAME,AMOUNT,PRICE,POINT,DISCOUNT_PRICE,CATEGORY,REG_DATE,REVIEWS,EXPLAIN) values (66,'오레오 쿠키 앤 크림치즈',1000,5100,100,1000,'ICECREAM',to_date('20/06/12 17:13:00','RR/MM/DD HH24:MI:SS'),0,'부드러운 크림치즈 아이스크림에 오레오 쿠키와 크림치즈 크런치가 쏘옥~');
Insert into BR.BR_PRODUCTS (PRODUCT_NO,NAME,AMOUNT,PRICE,POINT,DISCOUNT_PRICE,CATEGORY,REG_DATE,REVIEWS,EXPLAIN) values (67,'아빠는 딸바봉',1000,5100,100,1000,'ICECREAM',to_date('20/06/12 17:13:00','RR/MM/DD HH24:MI:SS'),0,'두 가지 딸기 아이스크림과 바닐라향 아이스크림에 봉봉 프레첼이 쏘옥~!');
Insert into BR.BR_PRODUCTS (PRODUCT_NO,NAME,AMOUNT,PRICE,POINT,DISCOUNT_PRICE,CATEGORY,REG_DATE,REVIEWS,EXPLAIN) values (68,'쫀떡궁합',1000,5100,100,1000,'ICECREAM',to_date('20/06/12 17:13:00','RR/MM/DD HH24:MI:SS'),0,'고소한 흑임자, 인절미 아이스크림에 쫄깃한 떡리본과 바삭한 프랄린 피칸이 쏙쏙!');
Insert into BR.BR_PRODUCTS (PRODUCT_NO,NAME,AMOUNT,PRICE,POINT,DISCOUNT_PRICE,CATEGORY,REG_DATE,REVIEWS,EXPLAIN) values (69,'베리 그래놀라',1000,5100,100,1000,'ICECREAM',to_date('20/06/12 17:13:00','RR/MM/DD HH24:MI:SS'),0,'마스카포네 치즈 아이스크림에 라즈베리와 그래놀라가 쏘옥!');
Insert into BR.BR_PRODUCTS (PRODUCT_NO,NAME,AMOUNT,PRICE,POINT,DISCOUNT_PRICE,CATEGORY,REG_DATE,REVIEWS,EXPLAIN) values (70,'봉쥬르, 마카롱',1000,5100,100,1000,'ICECREAM',to_date('20/06/12 17:13:00','RR/MM/DD HH24:MI:SS'),0,'부드러운 크림치즈 아이스크림과 마카롱, 초콜릿의 달콤한 만남!');
Insert into BR.BR_PRODUCTS (PRODUCT_NO,NAME,AMOUNT,PRICE,POINT,DISCOUNT_PRICE,CATEGORY,REG_DATE,REVIEWS,EXPLAIN) values (71,'너는 참 달고나',1000,5100,100,1000,'ICECREAM',to_date('20/06/12 17:13:00','RR/MM/DD HH24:MI:SS'),0,'달콤한 카라멜 아이스크림에 바삭한 달고나가 쏘옥~');
Insert into BR.BR_PRODUCTS (PRODUCT_NO,NAME,AMOUNT,PRICE,POINT,DISCOUNT_PRICE,CATEGORY,REG_DATE,REVIEWS,EXPLAIN) values (72,'허니 치즈 트랩',1000,5100,100,1000,'ICECREAM',to_date('20/06/12 17:13:00','RR/MM/DD HH24:MI:SS'),0,'마스카포네 치즈 아이스크림에 아몬드 브리틀과 허니 리본이 쏘옥~');
Insert into BR.BR_PRODUCTS (PRODUCT_NO,NAME,AMOUNT,PRICE,POINT,DISCOUNT_PRICE,CATEGORY,REG_DATE,REVIEWS,EXPLAIN) values (73,'우유에 빠진 딸기',1000,5100,100,1000,'ICECREAM',to_date('20/06/12 17:13:00','RR/MM/DD HH24:MI:SS'),0,'설(雪)목장 유기농 우유와 산청딸기의 싱그러운 만남!');
Insert into BR.BR_PRODUCTS (PRODUCT_NO,NAME,AMOUNT,PRICE,POINT,DISCOUNT_PRICE,CATEGORY,REG_DATE,REVIEWS,EXPLAIN) values (74,'민트 초콜릿 칩',1000,5100,100,1000,'ICECREAM',to_date('20/06/12 17:13:00','RR/MM/DD HH24:MI:SS'),0,'쿨한 그녀들의 선택! 상쾌한 민트향에 초코칩까지!');
Insert into BR.BR_PRODUCTS (PRODUCT_NO,NAME,AMOUNT,PRICE,POINT,DISCOUNT_PRICE,CATEGORY,REG_DATE,REVIEWS,EXPLAIN) values (75,'슈팅스타',1000,5100,100,1000,'ICECREAM',to_date('20/06/12 17:13:00','RR/MM/DD HH24:MI:SS'),0,'톡톡 터지는 팝핑 캔디와 스프링클 캔디,상큼한 체리 시럽이 들어있는 제품');
Insert into BR.BR_PRODUCTS (PRODUCT_NO,NAME,AMOUNT,PRICE,POINT,DISCOUNT_PRICE,CATEGORY,REG_DATE,REVIEWS,EXPLAIN) values (76,'사랑에 빠진 딸기',1000,5100,100,1000,'ICECREAM',to_date('20/06/12 17:13:00','RR/MM/DD HH24:MI:SS'),0,'크런치 초콜릿, 치즈 케이크, 스트로베리가 듬뿍 들어있는 아이스크림');
Insert into BR.BR_PRODUCTS (PRODUCT_NO,NAME,AMOUNT,PRICE,POINT,DISCOUNT_PRICE,CATEGORY,REG_DATE,REVIEWS,EXPLAIN) values (77,'초코나무 숲',1000,5100,100,1000,'ICECREAM',to_date('20/06/12 17:13:00','RR/MM/DD HH24:MI:SS'),0,'2014년 아이스크림 콘테스트 1위 선정작!');
Insert into BR.BR_PRODUCTS (PRODUCT_NO,NAME,AMOUNT,PRICE,POINT,DISCOUNT_PRICE,CATEGORY,REG_DATE,REVIEWS,EXPLAIN) values (78,'뉴욕 치즈케이크',1000,5100,100,1000,'ICECREAM',to_date('20/06/12 17:13:00','RR/MM/DD HH24:MI:SS'),0,'부드럽게 즐기는 뉴욕식 정통 치즈케이크 아이스크림');
Insert into BR.BR_PRODUCTS (PRODUCT_NO,NAME,AMOUNT,PRICE,POINT,DISCOUNT_PRICE,CATEGORY,REG_DATE,REVIEWS,EXPLAIN) values (79,'피스타치오 아몬드',1000,5100,100,1000,'ICECREAM',to_date('20/06/12 17:13:00','RR/MM/DD HH24:MI:SS'),0,'피스타치오향과 아몬드가 만나 고소함이 두배!');
Insert into BR.BR_PRODUCTS (PRODUCT_NO,NAME,AMOUNT,PRICE,POINT,DISCOUNT_PRICE,CATEGORY,REG_DATE,REVIEWS,EXPLAIN) values (80,'베리베리 스트로베리',1000,5100,100,1000,'ICECREAM',to_date('20/06/12 17:13:00','RR/MM/DD HH24:MI:SS'),0,'새콤상큼 딸기 과육이 듬뿍!');
Insert into BR.BR_PRODUCTS (PRODUCT_NO,NAME,AMOUNT,PRICE,POINT,DISCOUNT_PRICE,CATEGORY,REG_DATE,REVIEWS,EXPLAIN) values (81,'바람과 함께 사라지다',1000,5100,100,1000,'ICECREAM',to_date('20/06/12 17:13:00','RR/MM/DD HH24:MI:SS'),0,'블루베리와 딸기로 상큼함을 더한 치즈케이크 한 조각');
Insert into BR.BR_PRODUCTS (PRODUCT_NO,NAME,AMOUNT,PRICE,POINT,DISCOUNT_PRICE,CATEGORY,REG_DATE,REVIEWS,EXPLAIN) values (82,'레인보우 샤베트',1000,5100,100,1000,'ICECREAM',to_date('20/06/12 17:13:00','RR/MM/DD HH24:MI:SS'),0,'상큼한 파인애플, 오렌지, 라즈베리 샤베트');
Insert into BR.BR_PRODUCTS (PRODUCT_NO,NAME,AMOUNT,PRICE,POINT,DISCOUNT_PRICE,CATEGORY,REG_DATE,REVIEWS,EXPLAIN) values (83,'자모카 아몬드 훠지',1000,5100,100,1000,'ICECREAM',to_date('20/06/12 17:13:00','RR/MM/DD HH24:MI:SS'),0,'깊고 풍부한 자모카 아이스크림에 고소한 아몬드와 초콜릿 훠지 시럽이 들어있는 제품');
Insert into BR.BR_PRODUCTS (PRODUCT_NO,NAME,AMOUNT,PRICE,POINT,DISCOUNT_PRICE,CATEGORY,REG_DATE,REVIEWS,EXPLAIN) values (84,'이상한 나라의 솜사탕',1000,5100,100,1000,'ICECREAM',to_date('20/06/12 17:13:00','RR/MM/DD HH24:MI:SS'),0,'부드럽고 달콤한 솜사탕과 함께 떠나는 이상한 나라로의 여행');
Insert into BR.BR_PRODUCTS (PRODUCT_NO,NAME,AMOUNT,PRICE,POINT,DISCOUNT_PRICE,CATEGORY,REG_DATE,REVIEWS,EXPLAIN) values (85,'초콜릿',1000,5100,100,1000,'ICECREAM',to_date('20/06/12 17:13:00','RR/MM/DD HH24:MI:SS'),0,'진하고 부드러운 정통 초콜릿 아이스크림');
Insert into BR.BR_PRODUCTS (PRODUCT_NO,NAME,AMOUNT,PRICE,POINT,DISCOUNT_PRICE,CATEGORY,REG_DATE,REVIEWS,EXPLAIN) values (86,'31요거트',1000,5100,100,1000,'ICECREAM',to_date('20/06/12 17:13:00','RR/MM/DD HH24:MI:SS'),0,'유산균이 살아 있는 오리지널 요거트 아이스크림');
Insert into BR.BR_PRODUCTS (PRODUCT_NO,NAME,AMOUNT,PRICE,POINT,DISCOUNT_PRICE,CATEGORY,REG_DATE,REVIEWS,EXPLAIN) values (87,'그린티',1000,5100,100,1000,'ICECREAM',to_date('20/06/12 17:13:00','RR/MM/DD HH24:MI:SS'),0,'엄선된 녹차를 사용한 싱그러운 그린티 아이스크림');
Insert into BR.BR_PRODUCTS (PRODUCT_NO,NAME,AMOUNT,PRICE,POINT,DISCOUNT_PRICE,CATEGORY,REG_DATE,REVIEWS,EXPLAIN) values (88,'체리쥬빌레',1000,5100,100,1000,'ICECREAM',to_date('20/06/12 17:13:00','RR/MM/DD HH24:MI:SS'),0,'체리과육이 탱글탱글 씹히는 체리 아이스크림');
Insert into BR.BR_PRODUCTS (PRODUCT_NO,NAME,AMOUNT,PRICE,POINT,DISCOUNT_PRICE,CATEGORY,REG_DATE,REVIEWS,EXPLAIN) values (89,'오레오 쿠키 앤 크림',1000,5100,100,1000,'ICECREAM',to_date('20/06/12 17:13:00','RR/MM/DD HH24:MI:SS'),0,'바닐라향 아이스크림에 오레오 쿠키가 듬뿍 들어있는 제품');
Insert into BR.BR_PRODUCTS (PRODUCT_NO,NAME,AMOUNT,PRICE,POINT,DISCOUNT_PRICE,CATEGORY,REG_DATE,REVIEWS,EXPLAIN) values (90,'바닐라',1000,5100,100,1000,'ICECREAM',to_date('20/06/12 17:13:00','RR/MM/DD HH24:MI:SS'),0,'부드럽고 깔끔한 바닐라 아이스크림');
Insert into BR.BR_PRODUCTS (PRODUCT_NO,NAME,AMOUNT,PRICE,POINT,DISCOUNT_PRICE,CATEGORY,REG_DATE,REVIEWS,EXPLAIN) values (91,'초콜릿 무스',1000,5100,100,1000,'ICECREAM',to_date('20/06/12 17:13:00','RR/MM/DD HH24:MI:SS'),0,'초콜릿 칩이 들어있는 진한 초콜릿 아이스크림');
Insert into BR.BR_PRODUCTS (PRODUCT_NO,NAME,AMOUNT,PRICE,POINT,DISCOUNT_PRICE,CATEGORY,REG_DATE,REVIEWS,EXPLAIN) values (92,'이게 바로 아몬드 봉봉봉',1000,24000,480,1000,'CAKE',to_date('20/06/12 17:16:20','RR/MM/DD HH24:MI:SS'),0,'바삭한 초코볼과 달콤한 초코 시럽으로 아몬드 봉봉봉 플레이버의 맛을 2배로 맛있게 즐길 수 있는 케이크 ');
Insert into BR.BR_PRODUCTS (PRODUCT_NO,NAME,AMOUNT,PRICE,POINT,DISCOUNT_PRICE,CATEGORY,REG_DATE,REVIEWS,EXPLAIN) values (93,'어썸 쿠키 케이크',1000,25000,500,1000,'CAKE',to_date('20/06/12 17:16:20','RR/MM/DD HH24:MI:SS'),0,'바삭한 쿠키와 부드러운 아이스크림을 함께 즐길 수 있는 아이스크림 케이크');
Insert into BR.BR_PRODUCTS (PRODUCT_NO,NAME,AMOUNT,PRICE,POINT,DISCOUNT_PRICE,CATEGORY,REG_DATE,REVIEWS,EXPLAIN) values (94,'트롤 프렌즈',1000,25000,500,1000,'CAKE',to_date('20/06/12 17:16:20','RR/MM/DD HH24:MI:SS'),0,'트롤의 대표 캐릭터 파피, 브랜치, 다이아몬드를 모두 만날 수 있는 매력만점 케이크');
Insert into BR.BR_PRODUCTS (PRODUCT_NO,NAME,AMOUNT,PRICE,POINT,DISCOUNT_PRICE,CATEGORY,REG_DATE,REVIEWS,EXPLAIN) values (95,'트롤의 월드투어',1000,26500,530,1000,'CAKE',to_date('20/06/12 17:16:20','RR/MM/DD HH24:MI:SS'),0,'´트롤 월드투어´ 무대를 연상시키는 화려한 컬러와 캐릭터를 한번에 만나볼 수 있는 매력만점 케이크');
Insert into BR.BR_PRODUCTS (PRODUCT_NO,NAME,AMOUNT,PRICE,POINT,DISCOUNT_PRICE,CATEGORY,REG_DATE,REVIEWS,EXPLAIN) values (96,'내 친구 라이언',1000,20000,400,1000,'CAKE',to_date('20/06/12 17:16:20','RR/MM/DD HH24:MI:SS'),0,'´라이언´ 캐릭터를 만나볼 수 있는 3가지 맛 케이크');
Insert into BR.BR_PRODUCTS (PRODUCT_NO,NAME,AMOUNT,PRICE,POINT,DISCOUNT_PRICE,CATEGORY,REG_DATE,REVIEWS,EXPLAIN) values (97,'겨울왕국 어드벤처',1000,26000,520,1000,'CAKE',to_date('20/06/12 17:16:20','RR/MM/DD HH24:MI:SS'),0,'겨울왕국II 영화의 명장면을 그대로 옮긴 후 엘사&안나 피규어로 장식하여 매력을 더한 케이크');
Insert into BR.BR_PRODUCTS (PRODUCT_NO,NAME,AMOUNT,PRICE,POINT,DISCOUNT_PRICE,CATEGORY,REG_DATE,REVIEWS,EXPLAIN) values (98,'엄마는 외계인 케이크',1000,25000,500,1000,'CAKE',to_date('20/06/12 17:16:20','RR/MM/DD HH24:MI:SS'),0,'NO.1 인기 플레이버 ´엄마는 외계인´플레이버를 풍성하게 쌓아올린 매력만점 케이크');
Insert into BR.BR_PRODUCTS (PRODUCT_NO,NAME,AMOUNT,PRICE,POINT,DISCOUNT_PRICE,CATEGORY,REG_DATE,REVIEWS,EXPLAIN) values (99,'리얼 27 큐브',1000,28000,560,1000,'CAKE',to_date('20/06/12 17:16:20','RR/MM/DD HH24:MI:SS'),0,'큐브 형태로 9가지 BEST 플레이버를 모두 즐길 수 있는 제품');
Insert into BR.BR_PRODUCTS (PRODUCT_NO,NAME,AMOUNT,PRICE,POINT,DISCOUNT_PRICE,CATEGORY,REG_DATE,REVIEWS,EXPLAIN) values (100,'퍼즐 와츄원',1000,28000,560,1000,'CAKE',to_date('20/06/12 17:16:20','RR/MM/DD HH24:MI:SS'),0,'퍼즐 모양의 아이스크림 조각을 골라먹는 재미가 있는 케이크');
Insert into BR.BR_PRODUCTS (PRODUCT_NO,NAME,AMOUNT,PRICE,POINT,DISCOUNT_PRICE,CATEGORY,REG_DATE,REVIEWS,EXPLAIN) values (101,'시크릿 라이언',1000,28000,560,1000,'CAKE',to_date('20/06/12 17:16:20','RR/MM/DD HH24:MI:SS'),0,'라이언 얼굴 모형을 모자로 활용할 수 있는 깜찍발랄 케이크');
Insert into BR.BR_PRODUCTS (PRODUCT_NO,NAME,AMOUNT,PRICE,POINT,DISCOUNT_PRICE,CATEGORY,REG_DATE,REVIEWS,EXPLAIN) values (102,'해피데이 카카오프렌즈',1000,29000,580,1000,'CAKE',to_date('20/06/12 17:16:20','RR/MM/DD HH24:MI:SS'),0,'9가지 플레이버로 구성되어 나눠먹기 편리한 아이스크림케이크');
Insert into BR.BR_PRODUCTS (PRODUCT_NO,NAME,AMOUNT,PRICE,POINT,DISCOUNT_PRICE,CATEGORY,REG_DATE,REVIEWS,EXPLAIN) values (103,'시크릿 어피치',1000,28000,560,1000,'CAKE',to_date('20/06/12 17:16:20','RR/MM/DD HH24:MI:SS'),0,'수줍음 가득한 어피치 얼굴 모형을 모자로 활용할 수 있는 10가지 맛 케이크');
Insert into BR.BR_PRODUCTS (PRODUCT_NO,NAME,AMOUNT,PRICE,POINT,DISCOUNT_PRICE,CATEGORY,REG_DATE,REVIEWS,EXPLAIN) values (104,'바로먹는 와츄원',1000,31000,620,1000,'CAKE',to_date('20/06/12 17:16:20','RR/MM/DD HH24:MI:SS'),0,'사랑을 가득 담은 카카오프렌즈 제품을 BAR 아이스크림과 함께 즐길 수 있는 케이크');
Insert into BR.BR_PRODUCTS (PRODUCT_NO,NAME,AMOUNT,PRICE,POINT,DISCOUNT_PRICE,CATEGORY,REG_DATE,REVIEWS,EXPLAIN) values (105,'인크레더블 와츄원',1000,24000,480,1000,'CAKE',to_date('20/06/12 17:16:20','RR/MM/DD HH24:MI:SS'),0,'바삭한 마카롱과 달콤한 초콜릿이 올라간 6가지맛 조각으로된 아이스크림 케이크');
Insert into BR.BR_PRODUCTS (PRODUCT_NO,NAME,AMOUNT,PRICE,POINT,DISCOUNT_PRICE,CATEGORY,REG_DATE,REVIEWS,EXPLAIN) values (106,'더블 초콜릿 블러섬',1000,23000,460,1000,'CAKE',to_date('20/06/12 17:16:20','RR/MM/DD HH24:MI:SS'),0,'초콜릿을 사랑하는 고객을 위한 소형 케이크');
Insert into BR.BR_PRODUCTS (PRODUCT_NO,NAME,AMOUNT,PRICE,POINT,DISCOUNT_PRICE,CATEGORY,REG_DATE,REVIEWS,EXPLAIN) values (107,'레인보우 마카롱',1000,24000,480,1000,'CAKE',to_date('20/06/12 17:16:20','RR/MM/DD HH24:MI:SS'),0,'동글동글 마카롱과 초코 쿠키로 데코한 6가지 맛 조각 케이크');
Insert into BR.BR_PRODUCTS (PRODUCT_NO,NAME,AMOUNT,PRICE,POINT,DISCOUNT_PRICE,CATEGORY,REG_DATE,REVIEWS,EXPLAIN) values (108,'달콤한 선물상자',1000,26000,520,1000,'CAKE',to_date('20/06/12 17:16:20','RR/MM/DD HH24:MI:SS'),0,'나눠먹기 편리한 사각 바이트와 다양한 맛으로 실속까지 더한 선물상자 케이크');
Insert into BR.BR_PRODUCTS (PRODUCT_NO,NAME,AMOUNT,PRICE,POINT,DISCOUNT_PRICE,CATEGORY,REG_DATE,REVIEWS,EXPLAIN) values (109,'골라먹는 와츄원',1000,26000,520,1000,'CAKE',to_date('20/06/12 17:16:20','RR/MM/DD HH24:MI:SS'),0,'형형 색색의 동그라미 패턴을 넣어 산뜻한 봄의 느낌을 가득 담은 제품');
Insert into BR.BR_PRODUCTS (PRODUCT_NO,NAME,AMOUNT,PRICE,POINT,DISCOUNT_PRICE,CATEGORY,REG_DATE,REVIEWS,EXPLAIN) values (110,'듀얼 와츄원 NO.9',1000,30000,600,1000,'CAKE',to_date('20/06/12 17:16:20','RR/MM/DD HH24:MI:SS'),0,'다양한 맛의 미니 바이트 아이스크림과 바삭한 토핑으로 더욱 풍성해진 케이크');
Insert into BR.BR_PRODUCTS (PRODUCT_NO,NAME,AMOUNT,PRICE,POINT,DISCOUNT_PRICE,CATEGORY,REG_DATE,REVIEWS,EXPLAIN) values (111,'스마일 스노우 블러섬',1000,26000,520,1000,'CAKE',to_date('20/06/12 17:16:20','RR/MM/DD HH24:MI:SS'),0,'8가지맛 조각 케이크로 다양한 맛을 즐길 수 있는 케이크');
Insert into BR.BR_PRODUCTS (PRODUCT_NO,NAME,AMOUNT,PRICE,POINT,DISCOUNT_PRICE,CATEGORY,REG_DATE,REVIEWS,EXPLAIN) values (112,'달콤 퐁퐁 플라워',1000,25000,500,1000,'CAKE',to_date('20/06/12 17:16:20','RR/MM/DD HH24:MI:SS'),0,'꽃모양 아이스크림 바이트가 올라가 산뜻함을 더한 제품');
Insert into BR.BR_PRODUCTS (PRODUCT_NO,NAME,AMOUNT,PRICE,POINT,DISCOUNT_PRICE,CATEGORY,REG_DATE,REVIEWS,EXPLAIN) values (113,'나눠먹는 큐브 와츄원',1000,33000,660,1000,'CAKE',to_date('20/06/12 17:16:20','RR/MM/DD HH24:MI:SS'),0,'다양한 종류의 데코로 보는 즐거움과 맛을 한번에 즐길 수 있는 케이크');
Insert into BR.BR_PRODUCTS (PRODUCT_NO,NAME,AMOUNT,PRICE,POINT,DISCOUNT_PRICE,CATEGORY,REG_DATE,REVIEWS,EXPLAIN) values (114,'나눠먹는 와츄원',1000,32000,640,1000,'CAKE',to_date('20/06/12 17:16:20','RR/MM/DD HH24:MI:SS'),0,'조각조각 편리하게 나눠먹는 8가지 맛 케이크');
REM INSERTING into BR.BR_REVIEW_LIKES
SET DEFINE OFF;
REM INSERTING into BR.BR_REVIEWS
SET DEFINE OFF;
Insert into BR.BR_REVIEWS (REVIEW_NO,PRODUCT_NO,ORDER_NO,USER_ID,TITLE,CONTENT,REG_DATE,DELETED,LIKED) values (140,61,null,'hj','안녕하세요','안녕하세요.',to_date('20/06/19 13:45:02','RR/MM/DD HH24:MI:SS'),'1',0);
Insert into BR.BR_REVIEWS (REVIEW_NO,PRODUCT_NO,ORDER_NO,USER_ID,TITLE,CONTENT,REG_DATE,DELETED,LIKED) values (142,62,null,'hj','11','11',to_date('20/06/19 14:01:07','RR/MM/DD HH24:MI:SS'),'1',0);
Insert into BR.BR_REVIEWS (REVIEW_NO,PRODUCT_NO,ORDER_NO,USER_ID,TITLE,CONTENT,REG_DATE,DELETED,LIKED) values (158,61,null,'hj','반갑습니다 ㅋㅋㅋㅋ','반갑습니',to_date('20/06/19 15:25:01','RR/MM/DD HH24:MI:SS'),'1',0);
Insert into BR.BR_REVIEWS (REVIEW_NO,PRODUCT_NO,ORDER_NO,USER_ID,TITLE,CONTENT,REG_DATE,DELETED,LIKED) values (159,61,null,'hj','123','123 ',to_date('20/06/19 15:26:51','RR/MM/DD HH24:MI:SS'),'1',0);
Insert into BR.BR_REVIEWS (REVIEW_NO,PRODUCT_NO,ORDER_NO,USER_ID,TITLE,CONTENT,REG_DATE,DELETED,LIKED) values (163,61,null,'hj','!!!','1!!1 ',to_date('20/06/19 16:32:51','RR/MM/DD HH24:MI:SS'),'1',0);
Insert into BR.BR_REVIEWS (REVIEW_NO,PRODUCT_NO,ORDER_NO,USER_ID,TITLE,CONTENT,REG_DATE,DELETED,LIKED) values (165,62,null,'hj','22222','22222',to_date('20/06/19 17:45:52','RR/MM/DD HH24:MI:SS'),'1',0);
Insert into BR.BR_REVIEWS (REVIEW_NO,PRODUCT_NO,ORDER_NO,USER_ID,TITLE,CONTENT,REG_DATE,DELETED,LIKED) values (134,61,null,'hj','aa','aaa',to_date('20/06/19 09:19:05','RR/MM/DD HH24:MI:SS'),'1',0);
Insert into BR.BR_REVIEWS (REVIEW_NO,PRODUCT_NO,ORDER_NO,USER_ID,TITLE,CONTENT,REG_DATE,DELETED,LIKED) values (139,61,null,'hj','111','111',to_date('20/06/19 10:35:32','RR/MM/DD HH24:MI:SS'),'1',0);
Insert into BR.BR_REVIEWS (REVIEW_NO,PRODUCT_NO,ORDER_NO,USER_ID,TITLE,CONTENT,REG_DATE,DELETED,LIKED) values (128,61,null,'hyunjo','ㅋㅋㅋㅋㅋㅋㅋㅋㅋㅋㅋㅋㅋㅋㅋㅋㅋㅋㅋㅋㅋㅋㅋㅋㅋㅋㅋ','ㅋㅋㅋㅋㅋㅋㅋㅋㅋㅋㅋㅋㅋㅋㅋㅋㅋㅋㅋㅋㅋㅋㅋㅋㅋㅋㅋㅋㅋㅋㅋ ',to_date('20/06/18 17:09:14','RR/MM/DD HH24:MI:SS'),'1',0);
Insert into BR.BR_REVIEWS (REVIEW_NO,PRODUCT_NO,ORDER_NO,USER_ID,TITLE,CONTENT,REG_DATE,DELETED,LIKED) values (129,61,null,'test','네명이서 굿굿ㅋㅋ','네명이서 아주 맛있게 잘 먹었어요~
포인트 사용해서 저렴하게 먹었습니당! !^^ㅋㅋ',to_date('20/06/18 17:27:04','RR/MM/DD HH24:MI:SS'),'1',0);
Insert into BR.BR_REVIEWS (REVIEW_NO,PRODUCT_NO,ORDER_NO,USER_ID,TITLE,CONTENT,REG_DATE,DELETED,LIKED) values (130,61,null,'hj','12','12',to_date('20/06/18 17:51:57','RR/MM/DD HH24:MI:SS'),'1',0);
Insert into BR.BR_REVIEWS (REVIEW_NO,PRODUCT_NO,ORDER_NO,USER_ID,TITLE,CONTENT,REG_DATE,DELETED,LIKED) values (131,61,null,'hj','sadfsdf','sdfsfdfds',to_date('20/06/18 17:52:52','RR/MM/DD HH24:MI:SS'),'1',0);
Insert into BR.BR_REVIEWS (REVIEW_NO,PRODUCT_NO,ORDER_NO,USER_ID,TITLE,CONTENT,REG_DATE,DELETED,LIKED) values (123,61,null,'hyunjo','아몬드 봉봉 ★','오랜만에 베스킨라빈스가서 먹었더니 너무 맛있네요.
앞으로도 자주 방문할거 같아요
맛있게 잘 먹었습니다!^^ㅋㅋ',to_date('20/06/18 16:09:07','RR/MM/DD HH24:MI:SS'),'1',0);
Insert into BR.BR_REVIEWS (REVIEW_NO,PRODUCT_NO,ORDER_NO,USER_ID,TITLE,CONTENT,REG_DATE,DELETED,LIKED) values (132,61,null,'wkdwnfl119','dsadsadsa','sadsadsad',to_date('20/06/18 18:10:06','RR/MM/DD HH24:MI:SS'),'1',0);
Insert into BR.BR_REVIEWS (REVIEW_NO,PRODUCT_NO,ORDER_NO,USER_ID,TITLE,CONTENT,REG_DATE,DELETED,LIKED) values (141,61,null,'hj','hello','123 ',to_date('20/06/19 13:45:54','RR/MM/DD HH24:MI:SS'),'1',0);
Insert into BR.BR_REVIEWS (REVIEW_NO,PRODUCT_NO,ORDER_NO,USER_ID,TITLE,CONTENT,REG_DATE,DELETED,LIKED) values (143,62,null,'hj','11','11',to_date('20/06/19 14:02:10','RR/MM/DD HH24:MI:SS'),'1',0);
Insert into BR.BR_REVIEWS (REVIEW_NO,PRODUCT_NO,ORDER_NO,USER_ID,TITLE,CONTENT,REG_DATE,DELETED,LIKED) values (160,61,null,'hj','123','123 ',to_date('20/06/19 15:26:56','RR/MM/DD HH24:MI:SS'),'1',0);
Insert into BR.BR_REVIEWS (REVIEW_NO,PRODUCT_NO,ORDER_NO,USER_ID,TITLE,CONTENT,REG_DATE,DELETED,LIKED) values (164,62,null,'hj','11111','11111',to_date('20/06/19 17:45:32','RR/MM/DD HH24:MI:SS'),'1',0);
Insert into BR.BR_REVIEWS (REVIEW_NO,PRODUCT_NO,ORDER_NO,USER_ID,TITLE,CONTENT,REG_DATE,DELETED,LIKED) values (166,62,null,'hyunjo','123','123 ',to_date('20/06/19 17:46:52','RR/MM/DD HH24:MI:SS'),'1',0);
Insert into BR.BR_REVIEWS (REVIEW_NO,PRODUCT_NO,ORDER_NO,USER_ID,TITLE,CONTENT,REG_DATE,DELETED,LIKED) values (153,61,null,'hj','ㅎㅇㅎㅇ22','ㅎㅇㅎㅇ  22',to_date('20/06/19 15:20:47','RR/MM/DD HH24:MI:SS'),'1',0);
Insert into BR.BR_REVIEWS (REVIEW_NO,PRODUCT_NO,ORDER_NO,USER_ID,TITLE,CONTENT,REG_DATE,DELETED,LIKED) values (148,61,null,'hj','``','``',to_date('20/06/19 15:10:03','RR/MM/DD HH24:MI:SS'),'1',0);
Insert into BR.BR_REVIEWS (REVIEW_NO,PRODUCT_NO,ORDER_NO,USER_ID,TITLE,CONTENT,REG_DATE,DELETED,LIKED) values (151,61,null,'hj','ㅎㅇㅎㅇ','ㅎㅇㅎㅇ',to_date('20/06/19 15:17:51','RR/MM/DD HH24:MI:SS'),'1',0);
Insert into BR.BR_REVIEWS (REVIEW_NO,PRODUCT_NO,ORDER_NO,USER_ID,TITLE,CONTENT,REG_DATE,DELETED,LIKED) values (162,61,null,'hj','ddd','ddd',to_date('20/06/19 15:36:33','RR/MM/DD HH24:MI:SS'),'1',0);
Insert into BR.BR_REVIEWS (REVIEW_NO,PRODUCT_NO,ORDER_NO,USER_ID,TITLE,CONTENT,REG_DATE,DELETED,LIKED) values (133,64,null,'wkdwnfl119','hghghg','hghg',to_date('20/06/19 08:51:39','RR/MM/DD HH24:MI:SS'),'1',0);
Insert into BR.BR_REVIEWS (REVIEW_NO,PRODUCT_NO,ORDER_NO,USER_ID,TITLE,CONTENT,REG_DATE,DELETED,LIKED) values (144,61,null,'hj','55','55',to_date('20/06/19 14:27:10','RR/MM/DD HH24:MI:SS'),'1',0);
Insert into BR.BR_REVIEWS (REVIEW_NO,PRODUCT_NO,ORDER_NO,USER_ID,TITLE,CONTENT,REG_DATE,DELETED,LIKED) values (152,61,null,'hj','ㅎㅇㅎㅇ','ㅎㅇㅎㅇ ',to_date('20/06/19 15:20:18','RR/MM/DD HH24:MI:SS'),'1',0);
Insert into BR.BR_REVIEWS (REVIEW_NO,PRODUCT_NO,ORDER_NO,USER_ID,TITLE,CONTENT,REG_DATE,DELETED,LIKED) values (154,61,null,'hj','ㅎㅇㅎㅇ123','ㅎㅇㅎㅇ  123',to_date('20/06/19 15:21:29','RR/MM/DD HH24:MI:SS'),'1',0);
Insert into BR.BR_REVIEWS (REVIEW_NO,PRODUCT_NO,ORDER_NO,USER_ID,TITLE,CONTENT,REG_DATE,DELETED,LIKED) values (126,64,null,'test','ㅇㄴㄹ','ㅁㅇㄴㄹ',to_date('20/06/18 16:15:08','RR/MM/DD HH24:MI:SS'),'1',0);
Insert into BR.BR_REVIEWS (REVIEW_NO,PRODUCT_NO,ORDER_NO,USER_ID,TITLE,CONTENT,REG_DATE,DELETED,LIKED) values (155,61,null,'hj','ㅎㅇㅎㅇㅇㅇ','ㅎㅇㅎㅇ  ㅇㅇ',to_date('20/06/19 15:22:00','RR/MM/DD HH24:MI:SS'),'1',0);
Insert into BR.BR_REVIEWS (REVIEW_NO,PRODUCT_NO,ORDER_NO,USER_ID,TITLE,CONTENT,REG_DATE,DELETED,LIKED) values (156,61,null,'hj','123','123',to_date('20/06/19 15:22:33','RR/MM/DD HH24:MI:SS'),'1',0);
Insert into BR.BR_REVIEWS (REVIEW_NO,PRODUCT_NO,ORDER_NO,USER_ID,TITLE,CONTENT,REG_DATE,DELETED,LIKED) values (157,61,null,'hj','123123','a3e58777-51f2-47a7-820a-9e1a71aded7d_Na1457761933862.jpg',to_date('20/06/19 15:23:13','RR/MM/DD HH24:MI:SS'),'1',0);
Insert into BR.BR_REVIEWS (REVIEW_NO,PRODUCT_NO,ORDER_NO,USER_ID,TITLE,CONTENT,REG_DATE,DELETED,LIKED) values (161,61,null,'hj','1231111','123 1111',to_date('20/06/19 15:36:12','RR/MM/DD HH24:MI:SS'),'1',0);
Insert into BR.BR_REVIEWS (REVIEW_NO,PRODUCT_NO,ORDER_NO,USER_ID,TITLE,CONTENT,REG_DATE,DELETED,LIKED) values (167,61,null,'hj','민수씨랑 둘이서','멋어ㅛㅆ요',to_date('20/06/19 17:50:42','RR/MM/DD HH24:MI:SS'),'1',0);
REM INSERTING into BR.BR_REVIEWS_IMAGE_PATH
SET DEFINE OFF;
Insert into BR.BR_REVIEWS_IMAGE_PATH (REVIEW_NO,IMAGE_PATH) values (144,'e93b1303-c46c-471e-bed3-9370e56c8567_Na1457761933862.jpg');
Insert into BR.BR_REVIEWS_IMAGE_PATH (REVIEW_NO,IMAGE_PATH) values (162,'d1e2f084-de28-478f-b070-3f011fd6bbda_ALMOND BONBONBON.png');
Insert into BR.BR_REVIEWS_IMAGE_PATH (REVIEW_NO,IMAGE_PATH) values (132,'c992ccd5-ff72-4067-92a0-85d898e9d584_Hydrangeas.jpg');
Insert into BR.BR_REVIEWS_IMAGE_PATH (REVIEW_NO,IMAGE_PATH) values (139,'ALMOND BONBONBON.png');
Insert into BR.BR_REVIEWS_IMAGE_PATH (REVIEW_NO,IMAGE_PATH) values (148,'49dccd0c-1d3a-4f5c-a6b3-df4f8ebcb258_1_ckddjqgmlakd.jpg');
Insert into BR.BR_REVIEWS_IMAGE_PATH (REVIEW_NO,IMAGE_PATH) values (151,'118ebd55-2bd2-4a27-9dbd-4a44c1470b19_ALMOND BONBONBON.png');
Insert into BR.BR_REVIEWS_IMAGE_PATH (REVIEW_NO,IMAGE_PATH) values (152,'2c51cda6-44f0-4c81-804a-02c49513b5f1_1_ckddjqgmlakd.jpg');
Insert into BR.BR_REVIEWS_IMAGE_PATH (REVIEW_NO,IMAGE_PATH) values (123,'c8be0f72-a1f3-4a75-8ad0-a0dac5fd98ae_1_ckddjqgmlakd.jpg');
Insert into BR.BR_REVIEWS_IMAGE_PATH (REVIEW_NO,IMAGE_PATH) values (129,'49c6b5d5-42de-4c0d-b1e0-cf00b98fce72_Na1457761933862.jpg');
Insert into BR.BR_REVIEWS_IMAGE_PATH (REVIEW_NO,IMAGE_PATH) values (155,'a765bdf4-c115-45c4-857c-94bcd4f34e31_ALMOND BONBONBON.png');
Insert into BR.BR_REVIEWS_IMAGE_PATH (REVIEW_NO,IMAGE_PATH) values (156,'a3e58777-51f2-47a7-820a-9e1a71aded7d_Na1457761933862.jpg');
Insert into BR.BR_REVIEWS_IMAGE_PATH (REVIEW_NO,IMAGE_PATH) values (163,'e64e28d0-90ee-4280-b0e9-979444516d4d_1_ckddjqgmlakd.jpg');
Insert into BR.BR_REVIEWS_IMAGE_PATH (REVIEW_NO,IMAGE_PATH) values (165,'3b5f0c3f-8924-4335-882f-dbd300ffa7f3_Na1457761933862.jpg');
Insert into BR.BR_REVIEWS_IMAGE_PATH (REVIEW_NO,IMAGE_PATH) values (167,'f54dfeee-5faf-409e-8c72-ab4cd36e6344_1_ckddjqgmlakd.jpg');
Insert into BR.BR_REVIEWS_IMAGE_PATH (REVIEW_NO,IMAGE_PATH) values (133,'8fd24d7c-a0b6-45e7-87ce-01bbecde30b3_Desert.jpg');
Insert into BR.BR_REVIEWS_IMAGE_PATH (REVIEW_NO,IMAGE_PATH) values (134,'Na1457761933862.jpg');
Insert into BR.BR_REVIEWS_IMAGE_PATH (REVIEW_NO,IMAGE_PATH) values (131,'76f4f9a8-7dd3-4b25-8131-e94ba46739d8_6월 이달의 맛 선거 투표 결과 발표.png');
Insert into BR.BR_REVIEWS_IMAGE_PATH (REVIEW_NO,IMAGE_PATH) values (141,'Na1457761933862.jpg');
Insert into BR.BR_REVIEWS_IMAGE_PATH (REVIEW_NO,IMAGE_PATH) values (143,'img_con.png');
Insert into BR.BR_REVIEWS_IMAGE_PATH (REVIEW_NO,IMAGE_PATH) values (164,'43034767-6d78-41d6-8c6c-7f19fb644312_1_ckddjqgmlakd.jpg');
Insert into BR.BR_REVIEWS_IMAGE_PATH (REVIEW_NO,IMAGE_PATH) values (166,'a66cac26-d8ce-41ca-bb39-00dc22ecd9b7_1_ckddjqgmlakd.jpg');
Insert into BR.BR_REVIEWS_IMAGE_PATH (REVIEW_NO,IMAGE_PATH) values (128,'2b63617c-3187-4080-a3fd-ec6dc3aabd20_ALMOND BONBONBON.png');
Insert into BR.BR_REVIEWS_IMAGE_PATH (REVIEW_NO,IMAGE_PATH) values (130,'9b3c76ba-5df4-4225-970e-84d498b4d105_[신제품 출시] 아이스 다쿠아즈 샌드.png');
REM INSERTING into BR.BR_SHOPPING_BASKET
SET DEFINE OFF;
Insert into BR.BR_SHOPPING_BASKET (USER_ID,PRODUCT_NO,AMOUNT) values ('wkdwnfl119',71,6);
Insert into BR.BR_SHOPPING_BASKET (USER_ID,PRODUCT_NO,AMOUNT) values ('wkdwnfl119',84,1);
Insert into BR.BR_SHOPPING_BASKET (USER_ID,PRODUCT_NO,AMOUNT) values ('wkdwnfl119',75,1);
Insert into BR.BR_SHOPPING_BASKET (USER_ID,PRODUCT_NO,AMOUNT) values ('test',75,1);
Insert into BR.BR_SHOPPING_BASKET (USER_ID,PRODUCT_NO,AMOUNT) values ('test',99,2);
Insert into BR.BR_SHOPPING_BASKET (USER_ID,PRODUCT_NO,AMOUNT) values ('hj',62,5);
Insert into BR.BR_SHOPPING_BASKET (USER_ID,PRODUCT_NO,AMOUNT) values ('hj',63,5);
REM INSERTING into BR.BR_USERS
SET DEFINE OFF;
Insert into BR.BR_USERS (USER_ID,NAME,PASSWORD,POINT,EMAIL,DELETED,ADMIN,REG_DATE,PHONE) values ('nike','나이키','1234',0,'nike@gmail.com','1','1',to_date('20/06/15 11:55:17','RR/MM/DD HH24:MI:SS'),'010-4654-8778');
Insert into BR.BR_USERS (USER_ID,NAME,PASSWORD,POINT,EMAIL,DELETED,ADMIN,REG_DATE,PHONE) values ('gong','공공공','zxcv1234',0,'gong@naver.com','1','1',to_date('20/06/15 14:27:54','RR/MM/DD HH24:MI:SS'),'010-9874-1644');
Insert into BR.BR_USERS (USER_ID,NAME,PASSWORD,POINT,EMAIL,DELETED,ADMIN,REG_DATE,PHONE) values ('yang','양정훈','1234',5800,'yang@gmail.com','1','1',to_date('20/06/17 14:09:07','RR/MM/DD HH24:MI:SS'),'010-1234-1234');
Insert into BR.BR_USERS (USER_ID,NAME,PASSWORD,POINT,EMAIL,DELETED,ADMIN,REG_DATE,PHONE) values ('test','테스트','1234',2320,'aa@gmail.com','1','1',to_date('20/06/12 16:03:16','RR/MM/DD HH24:MI:SS'),'010-1111-5555');
Insert into BR.BR_USERS (USER_ID,NAME,PASSWORD,POINT,EMAIL,DELETED,ADMIN,REG_DATE,PHONE) values ('testuser001','user001','zxcv1234',0,'test001@gmail.com','1','1',to_date('20/06/19 15:08:19','RR/MM/DD HH24:MI:SS'),'010-1001-0001');
Insert into BR.BR_USERS (USER_ID,NAME,PASSWORD,POINT,EMAIL,DELETED,ADMIN,REG_DATE,PHONE) values ('hyunjo','정현조','hyunjo',0,'hyunjo1992@naver.com','1','1',to_date('20/06/15 15:24:09','RR/MM/DD HH24:MI:SS'),'010-1111-1111');
Insert into BR.BR_USERS (USER_ID,NAME,PASSWORD,POINT,EMAIL,DELETED,ADMIN,REG_DATE,PHONE) values ('testuser002','user002','zxcv1234',0,'test002@gmail.com','1','1',to_date('20/06/19 15:08:19','RR/MM/DD HH24:MI:SS'),'010-1002-0002');
Insert into BR.BR_USERS (USER_ID,NAME,PASSWORD,POINT,EMAIL,DELETED,ADMIN,REG_DATE,PHONE) values ('testuser003','user003','zxcv1234',0,'test003@gmail.com','1','1',to_date('20/06/19 15:08:20','RR/MM/DD HH24:MI:SS'),'010-1003-0003');
Insert into BR.BR_USERS (USER_ID,NAME,PASSWORD,POINT,EMAIL,DELETED,ADMIN,REG_DATE,PHONE) values ('testuser004','user004','zxcv1234',0,'test004@gmail.com','1','1',to_date('20/06/19 15:08:20','RR/MM/DD HH24:MI:SS'),'010-1004-0004');
Insert into BR.BR_USERS (USER_ID,NAME,PASSWORD,POINT,EMAIL,DELETED,ADMIN,REG_DATE,PHONE) values ('testuser005','user005','zxcv1234',0,'test005@gmail.com','1','1',to_date('20/06/19 15:08:20','RR/MM/DD HH24:MI:SS'),'010-1005-0005');
Insert into BR.BR_USERS (USER_ID,NAME,PASSWORD,POINT,EMAIL,DELETED,ADMIN,REG_DATE,PHONE) values ('testuser006','user006','zxcv1234',0,'test006@gmail.com','1','1',to_date('20/06/19 15:08:20','RR/MM/DD HH24:MI:SS'),'010-1006-0006');
Insert into BR.BR_USERS (USER_ID,NAME,PASSWORD,POINT,EMAIL,DELETED,ADMIN,REG_DATE,PHONE) values ('testuser007','user007','zxcv1234',0,'test007@gmail.com','1','1',to_date('20/06/19 15:08:20','RR/MM/DD HH24:MI:SS'),'010-1007-0007');
Insert into BR.BR_USERS (USER_ID,NAME,PASSWORD,POINT,EMAIL,DELETED,ADMIN,REG_DATE,PHONE) values ('testuser008','user008','zxcv1234',0,'test008@gmail.com','1','1',to_date('20/06/19 15:08:20','RR/MM/DD HH24:MI:SS'),'010-1008-0008');
Insert into BR.BR_USERS (USER_ID,NAME,PASSWORD,POINT,EMAIL,DELETED,ADMIN,REG_DATE,PHONE) values ('testuser009','user009','zxcv1234',0,'test009@gmail.com','1','1',to_date('20/06/19 15:08:20','RR/MM/DD HH24:MI:SS'),'010-1009-0009');
Insert into BR.BR_USERS (USER_ID,NAME,PASSWORD,POINT,EMAIL,DELETED,ADMIN,REG_DATE,PHONE) values ('testuser010','user010','zxcv1234',0,'test010@gmail.com','1','1',to_date('20/06/19 15:08:20','RR/MM/DD HH24:MI:SS'),'010-1010-0010');
Insert into BR.BR_USERS (USER_ID,NAME,PASSWORD,POINT,EMAIL,DELETED,ADMIN,REG_DATE,PHONE) values ('testuser011','user011','zxcv1234',0,'test011@gmail.com','1','1',to_date('20/06/19 15:08:20','RR/MM/DD HH24:MI:SS'),'010-1011-0011');
Insert into BR.BR_USERS (USER_ID,NAME,PASSWORD,POINT,EMAIL,DELETED,ADMIN,REG_DATE,PHONE) values ('testuser012','user012','zxcv1234',0,'test012@gmail.com','1','1',to_date('20/06/19 15:08:20','RR/MM/DD HH24:MI:SS'),'010-1012-0012');
Insert into BR.BR_USERS (USER_ID,NAME,PASSWORD,POINT,EMAIL,DELETED,ADMIN,REG_DATE,PHONE) values ('testuser013','user013','zxcv1234',0,'test013@gmail.com','1','1',to_date('20/06/19 15:08:20','RR/MM/DD HH24:MI:SS'),'010-1013-0013');
Insert into BR.BR_USERS (USER_ID,NAME,PASSWORD,POINT,EMAIL,DELETED,ADMIN,REG_DATE,PHONE) values ('testuser014','user014','zxcv1234',0,'test014@gmail.com','1','1',to_date('20/06/19 15:08:20','RR/MM/DD HH24:MI:SS'),'010-1014-0014');
Insert into BR.BR_USERS (USER_ID,NAME,PASSWORD,POINT,EMAIL,DELETED,ADMIN,REG_DATE,PHONE) values ('testuser015','user015','zxcv1234',0,'test015@gmail.com','1','1',to_date('20/06/19 15:08:20','RR/MM/DD HH24:MI:SS'),'010-1015-0015');
Insert into BR.BR_USERS (USER_ID,NAME,PASSWORD,POINT,EMAIL,DELETED,ADMIN,REG_DATE,PHONE) values ('testuser016','user016','zxcv1234',0,'test016@gmail.com','1','1',to_date('20/06/19 15:08:20','RR/MM/DD HH24:MI:SS'),'010-1016-0016');
Insert into BR.BR_USERS (USER_ID,NAME,PASSWORD,POINT,EMAIL,DELETED,ADMIN,REG_DATE,PHONE) values ('testuser017','user017','zxcv1234',0,'test017@gmail.com','1','1',to_date('20/06/19 15:08:20','RR/MM/DD HH24:MI:SS'),'010-1017-0017');
Insert into BR.BR_USERS (USER_ID,NAME,PASSWORD,POINT,EMAIL,DELETED,ADMIN,REG_DATE,PHONE) values ('testuser018','user018','zxcv1234',0,'test018@gmail.com','1','1',to_date('20/06/19 15:08:20','RR/MM/DD HH24:MI:SS'),'010-1018-0018');
Insert into BR.BR_USERS (USER_ID,NAME,PASSWORD,POINT,EMAIL,DELETED,ADMIN,REG_DATE,PHONE) values ('testuser019','user019','zxcv1234',0,'test019@gmail.com','1','1',to_date('20/06/19 15:08:20','RR/MM/DD HH24:MI:SS'),'010-1019-0019');
Insert into BR.BR_USERS (USER_ID,NAME,PASSWORD,POINT,EMAIL,DELETED,ADMIN,REG_DATE,PHONE) values ('testuser020','user020','zxcv1234',0,'test020@gmail.com','1','1',to_date('20/06/19 15:08:20','RR/MM/DD HH24:MI:SS'),'010-1020-0020');
Insert into BR.BR_USERS (USER_ID,NAME,PASSWORD,POINT,EMAIL,DELETED,ADMIN,REG_DATE,PHONE) values ('testuser021','user021','zxcv1234',0,'test021@gmail.com','1','1',to_date('20/06/19 15:08:20','RR/MM/DD HH24:MI:SS'),'010-1021-0021');
Insert into BR.BR_USERS (USER_ID,NAME,PASSWORD,POINT,EMAIL,DELETED,ADMIN,REG_DATE,PHONE) values ('testuser022','user022','zxcv1234',0,'test022@gmail.com','1','1',to_date('20/06/19 15:08:20','RR/MM/DD HH24:MI:SS'),'010-1022-0022');
Insert into BR.BR_USERS (USER_ID,NAME,PASSWORD,POINT,EMAIL,DELETED,ADMIN,REG_DATE,PHONE) values ('testuser023','user023','zxcv1234',0,'test023@gmail.com','1','1',to_date('20/06/19 15:08:20','RR/MM/DD HH24:MI:SS'),'010-1023-0023');
Insert into BR.BR_USERS (USER_ID,NAME,PASSWORD,POINT,EMAIL,DELETED,ADMIN,REG_DATE,PHONE) values ('testuser024','user024','zxcv1234',0,'test024@gmail.com','1','1',to_date('20/06/19 15:08:20','RR/MM/DD HH24:MI:SS'),'010-1024-0024');
Insert into BR.BR_USERS (USER_ID,NAME,PASSWORD,POINT,EMAIL,DELETED,ADMIN,REG_DATE,PHONE) values ('testuser025','user025','zxcv1234',0,'test025@gmail.com','1','1',to_date('20/06/19 15:08:20','RR/MM/DD HH24:MI:SS'),'010-1025-0025');
Insert into BR.BR_USERS (USER_ID,NAME,PASSWORD,POINT,EMAIL,DELETED,ADMIN,REG_DATE,PHONE) values ('testuser026','user026','zxcv1234',0,'test026@gmail.com','1','1',to_date('20/06/19 15:08:20','RR/MM/DD HH24:MI:SS'),'010-1026-0026');
Insert into BR.BR_USERS (USER_ID,NAME,PASSWORD,POINT,EMAIL,DELETED,ADMIN,REG_DATE,PHONE) values ('testuser027','user027','zxcv1234',0,'test027@gmail.com','1','1',to_date('20/06/19 15:08:20','RR/MM/DD HH24:MI:SS'),'010-1027-0027');
Insert into BR.BR_USERS (USER_ID,NAME,PASSWORD,POINT,EMAIL,DELETED,ADMIN,REG_DATE,PHONE) values ('testuser028','user028','zxcv1234',0,'test028@gmail.com','1','1',to_date('20/06/19 15:08:20','RR/MM/DD HH24:MI:SS'),'010-1028-0028');
Insert into BR.BR_USERS (USER_ID,NAME,PASSWORD,POINT,EMAIL,DELETED,ADMIN,REG_DATE,PHONE) values ('testuser029','user029','zxcv1234',0,'test029@gmail.com','1','1',to_date('20/06/19 15:08:20','RR/MM/DD HH24:MI:SS'),'010-1029-0029');
Insert into BR.BR_USERS (USER_ID,NAME,PASSWORD,POINT,EMAIL,DELETED,ADMIN,REG_DATE,PHONE) values ('testuser030','user030','zxcv1234',0,'test030@gmail.com','1','1',to_date('20/06/19 15:08:20','RR/MM/DD HH24:MI:SS'),'010-1030-0030');
Insert into BR.BR_USERS (USER_ID,NAME,PASSWORD,POINT,EMAIL,DELETED,ADMIN,REG_DATE,PHONE) values ('testuser031','user031','zxcv1234',0,'test031@gmail.com','1','1',to_date('20/06/19 15:08:20','RR/MM/DD HH24:MI:SS'),'010-1031-0031');
Insert into BR.BR_USERS (USER_ID,NAME,PASSWORD,POINT,EMAIL,DELETED,ADMIN,REG_DATE,PHONE) values ('testuser032','user032','zxcv1234',0,'test032@gmail.com','1','1',to_date('20/06/19 15:08:20','RR/MM/DD HH24:MI:SS'),'010-1032-0032');
Insert into BR.BR_USERS (USER_ID,NAME,PASSWORD,POINT,EMAIL,DELETED,ADMIN,REG_DATE,PHONE) values ('testuser033','user033','zxcv1234',0,'test033@gmail.com','1','1',to_date('20/06/19 15:08:20','RR/MM/DD HH24:MI:SS'),'010-1033-0033');
Insert into BR.BR_USERS (USER_ID,NAME,PASSWORD,POINT,EMAIL,DELETED,ADMIN,REG_DATE,PHONE) values ('testuser034','user034','zxcv1234',0,'test034@gmail.com','1','1',to_date('20/06/19 15:08:20','RR/MM/DD HH24:MI:SS'),'010-1034-0034');
Insert into BR.BR_USERS (USER_ID,NAME,PASSWORD,POINT,EMAIL,DELETED,ADMIN,REG_DATE,PHONE) values ('testuser035','user035','zxcv1234',0,'test035@gmail.com','1','1',to_date('20/06/19 15:08:20','RR/MM/DD HH24:MI:SS'),'010-1035-0035');
Insert into BR.BR_USERS (USER_ID,NAME,PASSWORD,POINT,EMAIL,DELETED,ADMIN,REG_DATE,PHONE) values ('testuser036','user036','zxcv1234',0,'test036@gmail.com','1','1',to_date('20/06/19 15:08:20','RR/MM/DD HH24:MI:SS'),'010-1036-0036');
Insert into BR.BR_USERS (USER_ID,NAME,PASSWORD,POINT,EMAIL,DELETED,ADMIN,REG_DATE,PHONE) values ('testuser037','user037','zxcv1234',0,'test037@gmail.com','1','1',to_date('20/06/19 15:08:20','RR/MM/DD HH24:MI:SS'),'010-1037-0037');
Insert into BR.BR_USERS (USER_ID,NAME,PASSWORD,POINT,EMAIL,DELETED,ADMIN,REG_DATE,PHONE) values ('testuser038','user038','zxcv1234',0,'test038@gmail.com','1','1',to_date('20/06/19 15:08:20','RR/MM/DD HH24:MI:SS'),'010-1038-0038');
Insert into BR.BR_USERS (USER_ID,NAME,PASSWORD,POINT,EMAIL,DELETED,ADMIN,REG_DATE,PHONE) values ('testuser039','user039','zxcv1234',0,'test039@gmail.com','1','1',to_date('20/06/19 15:08:20','RR/MM/DD HH24:MI:SS'),'010-1039-0039');
Insert into BR.BR_USERS (USER_ID,NAME,PASSWORD,POINT,EMAIL,DELETED,ADMIN,REG_DATE,PHONE) values ('testuser040','user040','zxcv1234',0,'test040@gmail.com','1','1',to_date('20/06/19 15:08:20','RR/MM/DD HH24:MI:SS'),'010-1040-0040');
Insert into BR.BR_USERS (USER_ID,NAME,PASSWORD,POINT,EMAIL,DELETED,ADMIN,REG_DATE,PHONE) values ('testuser041','user041','zxcv1234',0,'test041@gmail.com','1','1',to_date('20/06/19 15:08:20','RR/MM/DD HH24:MI:SS'),'010-1041-0041');
Insert into BR.BR_USERS (USER_ID,NAME,PASSWORD,POINT,EMAIL,DELETED,ADMIN,REG_DATE,PHONE) values ('testuser042','user042','zxcv1234',0,'test042@gmail.com','1','1',to_date('20/06/19 15:08:20','RR/MM/DD HH24:MI:SS'),'010-1042-0042');
Insert into BR.BR_USERS (USER_ID,NAME,PASSWORD,POINT,EMAIL,DELETED,ADMIN,REG_DATE,PHONE) values ('testuser043','user043','zxcv1234',0,'test043@gmail.com','1','1',to_date('20/06/19 15:08:20','RR/MM/DD HH24:MI:SS'),'010-1043-0043');
Insert into BR.BR_USERS (USER_ID,NAME,PASSWORD,POINT,EMAIL,DELETED,ADMIN,REG_DATE,PHONE) values ('testuser044','user044','zxcv1234',0,'test044@gmail.com','1','1',to_date('20/06/19 15:08:20','RR/MM/DD HH24:MI:SS'),'010-1044-0044');
Insert into BR.BR_USERS (USER_ID,NAME,PASSWORD,POINT,EMAIL,DELETED,ADMIN,REG_DATE,PHONE) values ('testuser045','user045','zxcv1234',0,'test045@gmail.com','1','1',to_date('20/06/19 15:08:20','RR/MM/DD HH24:MI:SS'),'010-1045-0045');
Insert into BR.BR_USERS (USER_ID,NAME,PASSWORD,POINT,EMAIL,DELETED,ADMIN,REG_DATE,PHONE) values ('testuser046','user046','zxcv1234',0,'test046@gmail.com','1','1',to_date('20/06/19 15:08:20','RR/MM/DD HH24:MI:SS'),'010-1046-0046');
Insert into BR.BR_USERS (USER_ID,NAME,PASSWORD,POINT,EMAIL,DELETED,ADMIN,REG_DATE,PHONE) values ('testuser047','user047','zxcv1234',0,'test047@gmail.com','1','1',to_date('20/06/19 15:08:20','RR/MM/DD HH24:MI:SS'),'010-1047-0047');
Insert into BR.BR_USERS (USER_ID,NAME,PASSWORD,POINT,EMAIL,DELETED,ADMIN,REG_DATE,PHONE) values ('testuser048','user048','zxcv1234',0,'test048@gmail.com','1','1',to_date('20/06/19 15:08:20','RR/MM/DD HH24:MI:SS'),'010-1048-0048');
Insert into BR.BR_USERS (USER_ID,NAME,PASSWORD,POINT,EMAIL,DELETED,ADMIN,REG_DATE,PHONE) values ('testuser049','user049','zxcv1234',0,'test049@gmail.com','1','1',to_date('20/06/19 15:08:20','RR/MM/DD HH24:MI:SS'),'010-1049-0049');
Insert into BR.BR_USERS (USER_ID,NAME,PASSWORD,POINT,EMAIL,DELETED,ADMIN,REG_DATE,PHONE) values ('testuser050','user050','zxcv1234',0,'test050@gmail.com','1','1',to_date('20/06/19 15:08:20','RR/MM/DD HH24:MI:SS'),'010-1050-0050');
Insert into BR.BR_USERS (USER_ID,NAME,PASSWORD,POINT,EMAIL,DELETED,ADMIN,REG_DATE,PHONE) values ('testuser051','user051','zxcv1234',0,'test051@gmail.com','1','1',to_date('20/06/19 15:08:20','RR/MM/DD HH24:MI:SS'),'010-1051-0051');
Insert into BR.BR_USERS (USER_ID,NAME,PASSWORD,POINT,EMAIL,DELETED,ADMIN,REG_DATE,PHONE) values ('testuser052','user052','zxcv1234',0,'test052@gmail.com','1','1',to_date('20/06/19 15:08:20','RR/MM/DD HH24:MI:SS'),'010-1052-0052');
Insert into BR.BR_USERS (USER_ID,NAME,PASSWORD,POINT,EMAIL,DELETED,ADMIN,REG_DATE,PHONE) values ('testuser053','user053','zxcv1234',0,'test053@gmail.com','1','1',to_date('20/06/19 15:08:20','RR/MM/DD HH24:MI:SS'),'010-1053-0053');
Insert into BR.BR_USERS (USER_ID,NAME,PASSWORD,POINT,EMAIL,DELETED,ADMIN,REG_DATE,PHONE) values ('testuser054','user054','zxcv1234',0,'test054@gmail.com','1','1',to_date('20/06/19 15:08:20','RR/MM/DD HH24:MI:SS'),'010-1054-0054');
Insert into BR.BR_USERS (USER_ID,NAME,PASSWORD,POINT,EMAIL,DELETED,ADMIN,REG_DATE,PHONE) values ('testuser055','user055','zxcv1234',0,'test055@gmail.com','1','1',to_date('20/06/19 15:08:20','RR/MM/DD HH24:MI:SS'),'010-1055-0055');
Insert into BR.BR_USERS (USER_ID,NAME,PASSWORD,POINT,EMAIL,DELETED,ADMIN,REG_DATE,PHONE) values ('testuser056','user056','zxcv1234',0,'test056@gmail.com','1','1',to_date('20/06/19 15:08:20','RR/MM/DD HH24:MI:SS'),'010-1056-0056');
Insert into BR.BR_USERS (USER_ID,NAME,PASSWORD,POINT,EMAIL,DELETED,ADMIN,REG_DATE,PHONE) values ('testuser057','user057','zxcv1234',0,'test057@gmail.com','1','1',to_date('20/06/19 15:08:20','RR/MM/DD HH24:MI:SS'),'010-1057-0057');
Insert into BR.BR_USERS (USER_ID,NAME,PASSWORD,POINT,EMAIL,DELETED,ADMIN,REG_DATE,PHONE) values ('testuser058','user058','zxcv1234',0,'test058@gmail.com','1','1',to_date('20/06/19 15:08:20','RR/MM/DD HH24:MI:SS'),'010-1058-0058');
Insert into BR.BR_USERS (USER_ID,NAME,PASSWORD,POINT,EMAIL,DELETED,ADMIN,REG_DATE,PHONE) values ('testuser059','user059','zxcv1234',0,'test059@gmail.com','1','1',to_date('20/06/19 15:08:20','RR/MM/DD HH24:MI:SS'),'010-1059-0059');
Insert into BR.BR_USERS (USER_ID,NAME,PASSWORD,POINT,EMAIL,DELETED,ADMIN,REG_DATE,PHONE) values ('testuser060','user060','zxcv1234',0,'test060@gmail.com','1','1',to_date('20/06/19 15:08:20','RR/MM/DD HH24:MI:SS'),'010-1060-0060');
Insert into BR.BR_USERS (USER_ID,NAME,PASSWORD,POINT,EMAIL,DELETED,ADMIN,REG_DATE,PHONE) values ('testuser061','user061','zxcv1234',0,'test061@gmail.com','1','1',to_date('20/06/19 15:08:20','RR/MM/DD HH24:MI:SS'),'010-1061-0061');
Insert into BR.BR_USERS (USER_ID,NAME,PASSWORD,POINT,EMAIL,DELETED,ADMIN,REG_DATE,PHONE) values ('testuser062','user062','zxcv1234',0,'test062@gmail.com','1','1',to_date('20/06/19 15:08:20','RR/MM/DD HH24:MI:SS'),'010-1062-0062');
Insert into BR.BR_USERS (USER_ID,NAME,PASSWORD,POINT,EMAIL,DELETED,ADMIN,REG_DATE,PHONE) values ('testuser063','user063','zxcv1234',0,'test063@gmail.com','1','1',to_date('20/06/19 15:08:20','RR/MM/DD HH24:MI:SS'),'010-1063-0063');
Insert into BR.BR_USERS (USER_ID,NAME,PASSWORD,POINT,EMAIL,DELETED,ADMIN,REG_DATE,PHONE) values ('testuser064','user064','zxcv1234',0,'test064@gmail.com','1','1',to_date('20/06/19 15:08:20','RR/MM/DD HH24:MI:SS'),'010-1064-0064');
Insert into BR.BR_USERS (USER_ID,NAME,PASSWORD,POINT,EMAIL,DELETED,ADMIN,REG_DATE,PHONE) values ('testuser065','user065','zxcv1234',0,'test065@gmail.com','1','1',to_date('20/06/19 15:08:20','RR/MM/DD HH24:MI:SS'),'010-1065-0065');
Insert into BR.BR_USERS (USER_ID,NAME,PASSWORD,POINT,EMAIL,DELETED,ADMIN,REG_DATE,PHONE) values ('testuser066','user066','zxcv1234',0,'test066@gmail.com','1','1',to_date('20/06/19 15:08:20','RR/MM/DD HH24:MI:SS'),'010-1066-0066');
Insert into BR.BR_USERS (USER_ID,NAME,PASSWORD,POINT,EMAIL,DELETED,ADMIN,REG_DATE,PHONE) values ('testuser067','user067','zxcv1234',0,'test067@gmail.com','1','1',to_date('20/06/19 15:08:20','RR/MM/DD HH24:MI:SS'),'010-1067-0067');
Insert into BR.BR_USERS (USER_ID,NAME,PASSWORD,POINT,EMAIL,DELETED,ADMIN,REG_DATE,PHONE) values ('testuser068','user068','zxcv1234',0,'test068@gmail.com','1','1',to_date('20/06/19 15:08:20','RR/MM/DD HH24:MI:SS'),'010-1068-0068');
Insert into BR.BR_USERS (USER_ID,NAME,PASSWORD,POINT,EMAIL,DELETED,ADMIN,REG_DATE,PHONE) values ('testuser069','user069','zxcv1234',0,'test069@gmail.com','1','1',to_date('20/06/19 15:08:20','RR/MM/DD HH24:MI:SS'),'010-1069-0069');
Insert into BR.BR_USERS (USER_ID,NAME,PASSWORD,POINT,EMAIL,DELETED,ADMIN,REG_DATE,PHONE) values ('testuser070','user070','zxcv1234',0,'test070@gmail.com','1','1',to_date('20/06/19 15:08:20','RR/MM/DD HH24:MI:SS'),'010-1070-0070');
Insert into BR.BR_USERS (USER_ID,NAME,PASSWORD,POINT,EMAIL,DELETED,ADMIN,REG_DATE,PHONE) values ('testuser071','user071','zxcv1234',0,'test071@gmail.com','1','1',to_date('20/06/19 15:08:20','RR/MM/DD HH24:MI:SS'),'010-1071-0071');
Insert into BR.BR_USERS (USER_ID,NAME,PASSWORD,POINT,EMAIL,DELETED,ADMIN,REG_DATE,PHONE) values ('testuser072','user072','zxcv1234',0,'test072@gmail.com','1','1',to_date('20/06/19 15:08:20','RR/MM/DD HH24:MI:SS'),'010-1072-0072');
Insert into BR.BR_USERS (USER_ID,NAME,PASSWORD,POINT,EMAIL,DELETED,ADMIN,REG_DATE,PHONE) values ('testuser073','user073','zxcv1234',0,'test073@gmail.com','1','1',to_date('20/06/19 15:08:20','RR/MM/DD HH24:MI:SS'),'010-1073-0073');
Insert into BR.BR_USERS (USER_ID,NAME,PASSWORD,POINT,EMAIL,DELETED,ADMIN,REG_DATE,PHONE) values ('testuser074','user074','zxcv1234',0,'test074@gmail.com','1','1',to_date('20/06/19 15:08:20','RR/MM/DD HH24:MI:SS'),'010-1074-0074');
Insert into BR.BR_USERS (USER_ID,NAME,PASSWORD,POINT,EMAIL,DELETED,ADMIN,REG_DATE,PHONE) values ('testuser075','user075','zxcv1234',0,'test075@gmail.com','1','1',to_date('20/06/19 15:08:20','RR/MM/DD HH24:MI:SS'),'010-1075-0075');
Insert into BR.BR_USERS (USER_ID,NAME,PASSWORD,POINT,EMAIL,DELETED,ADMIN,REG_DATE,PHONE) values ('testuser076','user076','zxcv1234',0,'test076@gmail.com','1','1',to_date('20/06/19 15:08:20','RR/MM/DD HH24:MI:SS'),'010-1076-0076');
Insert into BR.BR_USERS (USER_ID,NAME,PASSWORD,POINT,EMAIL,DELETED,ADMIN,REG_DATE,PHONE) values ('testuser077','user077','zxcv1234',0,'test077@gmail.com','1','1',to_date('20/06/19 15:08:20','RR/MM/DD HH24:MI:SS'),'010-1077-0077');
Insert into BR.BR_USERS (USER_ID,NAME,PASSWORD,POINT,EMAIL,DELETED,ADMIN,REG_DATE,PHONE) values ('testuser078','user078','zxcv1234',0,'test078@gmail.com','1','1',to_date('20/06/19 15:08:20','RR/MM/DD HH24:MI:SS'),'010-1078-0078');
Insert into BR.BR_USERS (USER_ID,NAME,PASSWORD,POINT,EMAIL,DELETED,ADMIN,REG_DATE,PHONE) values ('testuser079','user079','zxcv1234',0,'test079@gmail.com','1','1',to_date('20/06/19 15:08:20','RR/MM/DD HH24:MI:SS'),'010-1079-0079');
Insert into BR.BR_USERS (USER_ID,NAME,PASSWORD,POINT,EMAIL,DELETED,ADMIN,REG_DATE,PHONE) values ('testuser080','user080','zxcv1234',0,'test080@gmail.com','1','1',to_date('20/06/19 15:08:20','RR/MM/DD HH24:MI:SS'),'010-1080-0080');
Insert into BR.BR_USERS (USER_ID,NAME,PASSWORD,POINT,EMAIL,DELETED,ADMIN,REG_DATE,PHONE) values ('testuser081','user081','zxcv1234',0,'test081@gmail.com','1','1',to_date('20/06/19 15:08:20','RR/MM/DD HH24:MI:SS'),'010-1081-0081');
Insert into BR.BR_USERS (USER_ID,NAME,PASSWORD,POINT,EMAIL,DELETED,ADMIN,REG_DATE,PHONE) values ('testuser082','user082','zxcv1234',0,'test082@gmail.com','1','1',to_date('20/06/19 15:08:20','RR/MM/DD HH24:MI:SS'),'010-1082-0082');
Insert into BR.BR_USERS (USER_ID,NAME,PASSWORD,POINT,EMAIL,DELETED,ADMIN,REG_DATE,PHONE) values ('testuser083','user083','zxcv1234',0,'test083@gmail.com','1','1',to_date('20/06/19 15:08:20','RR/MM/DD HH24:MI:SS'),'010-1083-0083');
Insert into BR.BR_USERS (USER_ID,NAME,PASSWORD,POINT,EMAIL,DELETED,ADMIN,REG_DATE,PHONE) values ('testuser084','user084','zxcv1234',0,'test084@gmail.com','1','1',to_date('20/06/19 15:08:20','RR/MM/DD HH24:MI:SS'),'010-1084-0084');
Insert into BR.BR_USERS (USER_ID,NAME,PASSWORD,POINT,EMAIL,DELETED,ADMIN,REG_DATE,PHONE) values ('testuser085','user085','zxcv1234',0,'test085@gmail.com','1','1',to_date('20/06/19 15:08:20','RR/MM/DD HH24:MI:SS'),'010-1085-0085');
Insert into BR.BR_USERS (USER_ID,NAME,PASSWORD,POINT,EMAIL,DELETED,ADMIN,REG_DATE,PHONE) values ('testuser086','user086','zxcv1234',0,'test086@gmail.com','1','1',to_date('20/06/19 15:08:20','RR/MM/DD HH24:MI:SS'),'010-1086-0086');
Insert into BR.BR_USERS (USER_ID,NAME,PASSWORD,POINT,EMAIL,DELETED,ADMIN,REG_DATE,PHONE) values ('testuser087','user087','zxcv1234',0,'test087@gmail.com','1','1',to_date('20/06/19 15:08:20','RR/MM/DD HH24:MI:SS'),'010-1087-0087');
Insert into BR.BR_USERS (USER_ID,NAME,PASSWORD,POINT,EMAIL,DELETED,ADMIN,REG_DATE,PHONE) values ('testuser088','user088','zxcv1234',0,'test088@gmail.com','1','1',to_date('20/06/19 15:08:20','RR/MM/DD HH24:MI:SS'),'010-1088-0088');
Insert into BR.BR_USERS (USER_ID,NAME,PASSWORD,POINT,EMAIL,DELETED,ADMIN,REG_DATE,PHONE) values ('wkdwnfl119','장주리','1234',33299,'aa@gmail.com','1','1',to_date('20/06/15 14:54:27','RR/MM/DD HH24:MI:SS'),'010-1111-2222');
Insert into BR.BR_USERS (USER_ID,NAME,PASSWORD,POINT,EMAIL,DELETED,ADMIN,REG_DATE,PHONE) values ('testuser089','user089','zxcv1234',0,'test089@gmail.com','1','1',to_date('20/06/19 15:08:20','RR/MM/DD HH24:MI:SS'),'010-1089-0089');
Insert into BR.BR_USERS (USER_ID,NAME,PASSWORD,POINT,EMAIL,DELETED,ADMIN,REG_DATE,PHONE) values ('admin','admin','1234',0,'admin@br.com','1','0',to_date('20/06/16 09:25:41','RR/MM/DD HH24:MI:SS'),'010-2949-1948');
Insert into BR.BR_USERS (USER_ID,NAME,PASSWORD,POINT,EMAIL,DELETED,ADMIN,REG_DATE,PHONE) values ('testuser090','user090','zxcv1234',0,'test090@gmail.com','1','1',to_date('20/06/19 15:08:20','RR/MM/DD HH24:MI:SS'),'010-1090-0090');
Insert into BR.BR_USERS (USER_ID,NAME,PASSWORD,POINT,EMAIL,DELETED,ADMIN,REG_DATE,PHONE) values ('testuser091','user091','zxcv1234',0,'test091@gmail.com','1','1',to_date('20/06/19 15:08:20','RR/MM/DD HH24:MI:SS'),'010-1091-0091');
Insert into BR.BR_USERS (USER_ID,NAME,PASSWORD,POINT,EMAIL,DELETED,ADMIN,REG_DATE,PHONE) values ('testuser092','user092','zxcv1234',0,'test092@gmail.com','1','1',to_date('20/06/19 15:08:20','RR/MM/DD HH24:MI:SS'),'010-1092-0092');
Insert into BR.BR_USERS (USER_ID,NAME,PASSWORD,POINT,EMAIL,DELETED,ADMIN,REG_DATE,PHONE) values ('testuser093','user093','zxcv1234',0,'test093@gmail.com','1','1',to_date('20/06/19 15:08:20','RR/MM/DD HH24:MI:SS'),'010-1093-0093');
Insert into BR.BR_USERS (USER_ID,NAME,PASSWORD,POINT,EMAIL,DELETED,ADMIN,REG_DATE,PHONE) values ('testuser094','user094','zxcv1234',0,'test094@gmail.com','1','1',to_date('20/06/19 15:08:20','RR/MM/DD HH24:MI:SS'),'010-1094-0094');
Insert into BR.BR_USERS (USER_ID,NAME,PASSWORD,POINT,EMAIL,DELETED,ADMIN,REG_DATE,PHONE) values ('testuser095','user095','zxcv1234',0,'test095@gmail.com','1','1',to_date('20/06/19 15:08:20','RR/MM/DD HH24:MI:SS'),'010-1095-0095');
Insert into BR.BR_USERS (USER_ID,NAME,PASSWORD,POINT,EMAIL,DELETED,ADMIN,REG_DATE,PHONE) values ('testuser096','user096','zxcv1234',0,'test096@gmail.com','1','1',to_date('20/06/19 15:08:20','RR/MM/DD HH24:MI:SS'),'010-1096-0096');
Insert into BR.BR_USERS (USER_ID,NAME,PASSWORD,POINT,EMAIL,DELETED,ADMIN,REG_DATE,PHONE) values ('testuser097','user097','zxcv1234',0,'test097@gmail.com','1','1',to_date('20/06/19 15:08:20','RR/MM/DD HH24:MI:SS'),'010-1097-0097');
Insert into BR.BR_USERS (USER_ID,NAME,PASSWORD,POINT,EMAIL,DELETED,ADMIN,REG_DATE,PHONE) values ('testuser098','user098','zxcv1234',0,'test098@gmail.com','1','1',to_date('20/06/19 15:08:20','RR/MM/DD HH24:MI:SS'),'010-1098-0098');
Insert into BR.BR_USERS (USER_ID,NAME,PASSWORD,POINT,EMAIL,DELETED,ADMIN,REG_DATE,PHONE) values ('testuser099','user099','zxcv1234',0,'test099@gmail.com','1','1',to_date('20/06/19 15:08:20','RR/MM/DD HH24:MI:SS'),'010-1099-0099');
Insert into BR.BR_USERS (USER_ID,NAME,PASSWORD,POINT,EMAIL,DELETED,ADMIN,REG_DATE,PHONE) values ('testuser100','user100','zxcv1234',0,'test100@gmail.com','1','1',to_date('20/06/19 15:08:20','RR/MM/DD HH24:MI:SS'),'010-1100-0100');
Insert into BR.BR_USERS (USER_ID,NAME,PASSWORD,POINT,EMAIL,DELETED,ADMIN,REG_DATE,PHONE) values ('hj','정현조','hj',1000,'naver@naver.com','1','1',to_date('20/06/16 10:14:38','RR/MM/DD HH24:MI:SS'),'010-1111-1111');
Insert into BR.BR_USERS (USER_ID,NAME,PASSWORD,POINT,EMAIL,DELETED,ADMIN,REG_DATE,PHONE) values ('test1','yang','1234',0,'yang@naver.com','1','1',to_date('20/06/12 16:32:06','RR/MM/DD HH24:MI:SS'),'010-1111-1111');
REM INSERTING into BR.BR_USERS_POINTUSE
SET DEFINE OFF;
Insert into BR.BR_USERS_POINTUSE (USER_ID,USED_POINT,USED_DATE,USED_REASON) values ('yang',0,to_date('20/06/19 09:14:59','RR/MM/DD HH24:MI:SS'),'베리 그래놀라');
Insert into BR.BR_USERS_POINTUSE (USER_ID,USED_POINT,USED_DATE,USED_REASON) values ('yang',0,to_date('20/06/18 14:14:55','RR/MM/DD HH24:MI:SS'),'초코 아몬드 봉봉외 1개');
Insert into BR.BR_USERS_POINTUSE (USER_ID,USED_POINT,USED_DATE,USED_REASON) values ('yang',0,to_date('20/06/19 09:15:54','RR/MM/DD HH24:MI:SS'),'초코 아몬드 봉봉외 1개');
Insert into BR.BR_USERS_POINTUSE (USER_ID,USED_POINT,USED_DATE,USED_REASON) values ('test',0,to_date('20/06/19 16:57:06','RR/MM/DD HH24:MI:SS'),'민트 초콜릿 칩외 2개');
Insert into BR.BR_USERS_POINTUSE (USER_ID,USED_POINT,USED_DATE,USED_REASON) values ('yang',0,to_date('20/06/19 17:42:58','RR/MM/DD HH24:MI:SS'),'오레오 쿠키 앤 크림치즈외 1개');
Insert into BR.BR_USERS_POINTUSE (USER_ID,USED_POINT,USED_DATE,USED_REASON) values ('test',0,to_date('20/06/18 16:28:38','RR/MM/DD HH24:MI:SS'),'베리 그래놀라외 2개');
Insert into BR.BR_USERS_POINTUSE (USER_ID,USED_POINT,USED_DATE,USED_REASON) values ('hj',0,to_date('20/06/18 12:07:11','RR/MM/DD HH24:MI:SS'),'아몬드 봉봉봉');
Insert into BR.BR_USERS_POINTUSE (USER_ID,USED_POINT,USED_DATE,USED_REASON) values ('hj',0,to_date('20/06/18 12:07:53','RR/MM/DD HH24:MI:SS'),'아몬드 봉봉봉');
Insert into BR.BR_USERS_POINTUSE (USER_ID,USED_POINT,USED_DATE,USED_REASON) values ('yang',0,to_date('20/06/18 14:14:55','RR/MM/DD HH24:MI:SS'),'초코 아몬드 봉봉외 1개');
Insert into BR.BR_USERS_POINTUSE (USER_ID,USED_POINT,USED_DATE,USED_REASON) values ('yang',400,to_date('20/06/18 14:26:10','RR/MM/DD HH24:MI:SS'),'판타스틱 트롤');
Insert into BR.BR_USERS_POINTUSE (USER_ID,USED_POINT,USED_DATE,USED_REASON) values ('yang',0,to_date('20/06/18 14:34:54','RR/MM/DD HH24:MI:SS'),'오레오 쿠키 앤 크림치즈');
Insert into BR.BR_USERS_POINTUSE (USER_ID,USED_POINT,USED_DATE,USED_REASON) values ('wkdwnfl119',0,to_date('20/06/19 10:08:07','RR/MM/DD HH24:MI:SS'),'내 친구 라이언');
Insert into BR.BR_USERS_POINTUSE (USER_ID,USED_POINT,USED_DATE,USED_REASON) values ('wkdwnfl119',0,to_date('20/06/19 10:09:53','RR/MM/DD HH24:MI:SS'),'이상한 나라의 솜사탕');
Insert into BR.BR_USERS_POINTUSE (USER_ID,USED_POINT,USED_DATE,USED_REASON) values ('wkdwnfl119',0,to_date('20/06/19 11:12:39','RR/MM/DD HH24:MI:SS'),'슈팅스타');
Insert into BR.BR_USERS_POINTUSE (USER_ID,USED_POINT,USED_DATE,USED_REASON) values ('wkdwnfl119',0,to_date('20/06/19 12:20:22','RR/MM/DD HH24:MI:SS'),'너는 참 달고나외 2개');
Insert into BR.BR_USERS_POINTUSE (USER_ID,USED_POINT,USED_DATE,USED_REASON) values ('wkdwnfl119',1,to_date('20/06/19 14:25:58','RR/MM/DD HH24:MI:SS'),'슈팅스타외 1개');
Insert into BR.BR_USERS_POINTUSE (USER_ID,USED_POINT,USED_DATE,USED_REASON) values ('yang',0,to_date('20/06/19 17:31:34','RR/MM/DD HH24:MI:SS'),'아이스 바나나킥');
Insert into BR.BR_USERS_POINTUSE (USER_ID,USED_POINT,USED_DATE,USED_REASON) values ('yang',0,to_date('20/06/19 17:32:41','RR/MM/DD HH24:MI:SS'),'아이스 바나나킥');
Insert into BR.BR_USERS_POINTUSE (USER_ID,USED_POINT,USED_DATE,USED_REASON) values ('wkdwnfl119',0,to_date('20/06/18 16:06:46','RR/MM/DD HH24:MI:SS'),'판타스틱 트롤외 2개');
Insert into BR.BR_USERS_POINTUSE (USER_ID,USED_POINT,USED_DATE,USED_REASON) values ('wkdwnfl119',0,to_date('20/06/18 16:07:09','RR/MM/DD HH24:MI:SS'),'아이스 바나나킥외 1개');
Insert into BR.BR_USERS_POINTUSE (USER_ID,USED_POINT,USED_DATE,USED_REASON) values ('hj',0,to_date('20/06/18 17:58:00','RR/MM/DD HH24:MI:SS'),'초코 아몬드 봉봉');
Insert into BR.BR_USERS_POINTUSE (USER_ID,USED_POINT,USED_DATE,USED_REASON) values ('wkdwnfl119',0,to_date('20/06/18 18:08:59','RR/MM/DD HH24:MI:SS'),'판타스틱 트롤외 2개');
Insert into BR.BR_USERS_POINTUSE (USER_ID,USED_POINT,USED_DATE,USED_REASON) values ('yang',0,to_date('20/06/18 14:14:17','RR/MM/DD HH24:MI:SS'),'판타스틱 트롤');
Insert into BR.BR_USERS_POINTUSE (USER_ID,USED_POINT,USED_DATE,USED_REASON) values ('yang',0,to_date('20/06/18 14:25:35','RR/MM/DD HH24:MI:SS'),'판타스틱 트롤');
Insert into BR.BR_USERS_POINTUSE (USER_ID,USED_POINT,USED_DATE,USED_REASON) values ('wkdwnfl119',0,to_date('20/06/18 18:59:43','RR/MM/DD HH24:MI:SS'),'아이스 바나나킥외 2개');
Insert into BR.BR_USERS_POINTUSE (USER_ID,USED_POINT,USED_DATE,USED_REASON) values ('wkdwnfl119',0,to_date('20/06/19 10:13:38','RR/MM/DD HH24:MI:SS'),'우유에 빠진 딸기');
Insert into BR.BR_USERS_POINTUSE (USER_ID,USED_POINT,USED_DATE,USED_REASON) values ('test',0,to_date('20/06/18 15:06:38','RR/MM/DD HH24:MI:SS'),'판타스틱 트롤');
Insert into BR.BR_USERS_POINTUSE (USER_ID,USED_POINT,USED_DATE,USED_REASON) values ('test',0,to_date('20/06/18 15:07:46','RR/MM/DD HH24:MI:SS'),'아이스 바나나킥');
Insert into BR.BR_USERS_POINTUSE (USER_ID,USED_POINT,USED_DATE,USED_REASON) values ('test',0,to_date('20/06/18 15:20:11','RR/MM/DD HH24:MI:SS'),'아몬드 봉봉봉');
Insert into BR.BR_USERS_POINTUSE (USER_ID,USED_POINT,USED_DATE,USED_REASON) values ('wkdwnfl119',0,to_date('20/06/19 10:50:25','RR/MM/DD HH24:MI:SS'),'슈팅스타외 2개');
Insert into BR.BR_USERS_POINTUSE (USER_ID,USED_POINT,USED_DATE,USED_REASON) values ('wkdwnfl119',0,to_date('20/06/19 10:50:50','RR/MM/DD HH24:MI:SS'),'우유에 빠진 딸기외 2개');
Insert into BR.BR_USERS_POINTUSE (USER_ID,USED_POINT,USED_DATE,USED_REASON) values ('wkdwnfl119',0,to_date('20/06/19 12:21:20','RR/MM/DD HH24:MI:SS'),'너는 참 달고나외 2개');
Insert into BR.BR_USERS_POINTUSE (USER_ID,USED_POINT,USED_DATE,USED_REASON) values ('wkdwnfl119',0,to_date('20/06/19 12:21:45','RR/MM/DD HH24:MI:SS'),'너는 참 달고나외 2개');
Insert into BR.BR_USERS_POINTUSE (USER_ID,USED_POINT,USED_DATE,USED_REASON) values ('hj',1400,to_date('20/06/19 17:53:12','RR/MM/DD HH24:MI:SS'),'초코 아몬드 봉봉외 1개');
--------------------------------------------------------
--  DDL for Index SYS_C0011101
--------------------------------------------------------

  CREATE UNIQUE INDEX "BR"."SYS_C0011101" ON "BR"."BR_EVENTS" ("EVENT_NO") 
  PCTFREE 10 INITRANS 2 MAXTRANS 255 
  STORAGE(INITIAL 65536 NEXT 1048576 MINEXTENTS 1 MAXEXTENTS 2147483645
  PCTINCREASE 0 FREELISTS 1 FREELIST GROUPS 1 BUFFER_POOL DEFAULT FLASH_CACHE DEFAULT CELL_FLASH_CACHE DEFAULT)
  TABLESPACE "USERS" ;
--------------------------------------------------------
--  DDL for Index SYS_C0011094
--------------------------------------------------------

  CREATE UNIQUE INDEX "BR"."SYS_C0011094" ON "BR"."BR_NOTICES" ("NOTICE_NO") 
  PCTFREE 10 INITRANS 2 MAXTRANS 255 
  STORAGE(INITIAL 65536 NEXT 1048576 MINEXTENTS 1 MAXEXTENTS 2147483645
  PCTINCREASE 0 FREELISTS 1 FREELIST GROUPS 1 BUFFER_POOL DEFAULT FLASH_CACHE DEFAULT CELL_FLASH_CACHE DEFAULT)
  TABLESPACE "USERS" ;
--------------------------------------------------------
--  DDL for Index SYS_C0011077
--------------------------------------------------------

  CREATE UNIQUE INDEX "BR"."SYS_C0011077" ON "BR"."BR_ORDER_MAIN" ("ORDER_NO") 
  PCTFREE 10 INITRANS 2 MAXTRANS 255 
  STORAGE(INITIAL 65536 NEXT 1048576 MINEXTENTS 1 MAXEXTENTS 2147483645
  PCTINCREASE 0 FREELISTS 1 FREELIST GROUPS 1 BUFFER_POOL DEFAULT FLASH_CACHE DEFAULT CELL_FLASH_CACHE DEFAULT)
  TABLESPACE "USERS" ;
--------------------------------------------------------
--  DDL for Index SYS_C0011072
--------------------------------------------------------

  CREATE UNIQUE INDEX "BR"."SYS_C0011072" ON "BR"."BR_PRODUCT_SIZE" ("PRODUCT_SIZE") 
  PCTFREE 10 INITRANS 2 MAXTRANS 255 
  STORAGE(INITIAL 65536 NEXT 1048576 MINEXTENTS 1 MAXEXTENTS 2147483645
  PCTINCREASE 0 FREELISTS 1 FREELIST GROUPS 1 BUFFER_POOL DEFAULT FLASH_CACHE DEFAULT CELL_FLASH_CACHE DEFAULT)
  TABLESPACE "USERS" ;
--------------------------------------------------------
--  DDL for Index SYS_C0011065
--------------------------------------------------------

  CREATE UNIQUE INDEX "BR"."SYS_C0011065" ON "BR"."BR_PRODUCTS" ("PRODUCT_NO") 
  PCTFREE 10 INITRANS 2 MAXTRANS 255 
  STORAGE(INITIAL 65536 NEXT 1048576 MINEXTENTS 1 MAXEXTENTS 2147483645
  PCTINCREASE 0 FREELISTS 1 FREELIST GROUPS 1 BUFFER_POOL DEFAULT FLASH_CACHE DEFAULT CELL_FLASH_CACHE DEFAULT)
  TABLESPACE "USERS" ;
--------------------------------------------------------
--  DDL for Index SYS_C0011085
--------------------------------------------------------

  CREATE UNIQUE INDEX "BR"."SYS_C0011085" ON "BR"."BR_REVIEWS" ("REVIEW_NO") 
  PCTFREE 10 INITRANS 2 MAXTRANS 255 
  STORAGE(INITIAL 65536 NEXT 1048576 MINEXTENTS 1 MAXEXTENTS 2147483645
  PCTINCREASE 0 FREELISTS 1 FREELIST GROUPS 1 BUFFER_POOL DEFAULT FLASH_CACHE DEFAULT CELL_FLASH_CACHE DEFAULT)
  TABLESPACE "USERS" ;
--------------------------------------------------------
--  DDL for Index SYS_C0011056
--------------------------------------------------------

  CREATE UNIQUE INDEX "BR"."SYS_C0011056" ON "BR"."BR_USERS" ("USER_ID") 
  PCTFREE 10 INITRANS 2 MAXTRANS 255 
  STORAGE(INITIAL 65536 NEXT 1048576 MINEXTENTS 1 MAXEXTENTS 2147483645
  PCTINCREASE 0 FREELISTS 1 FREELIST GROUPS 1 BUFFER_POOL DEFAULT FLASH_CACHE DEFAULT CELL_FLASH_CACHE DEFAULT)
  TABLESPACE "USERS" ;
--------------------------------------------------------
--  Constraints for Table BR_EVENTS
--------------------------------------------------------

  ALTER TABLE "BR"."BR_EVENTS" MODIFY ("TITLE" NOT NULL ENABLE);
 
  ALTER TABLE "BR"."BR_EVENTS" MODIFY ("CONTENT" NOT NULL ENABLE);
 
  ALTER TABLE "BR"."BR_EVENTS" MODIFY ("START_DATE" NOT NULL ENABLE);
 
  ALTER TABLE "BR"."BR_EVENTS" MODIFY ("END_DATE" NOT NULL ENABLE);
 
  ALTER TABLE "BR"."BR_EVENTS" ADD PRIMARY KEY ("EVENT_NO")
  USING INDEX PCTFREE 10 INITRANS 2 MAXTRANS 255 
  STORAGE(INITIAL 65536 NEXT 1048576 MINEXTENTS 1 MAXEXTENTS 2147483645
  PCTINCREASE 0 FREELISTS 1 FREELIST GROUPS 1 BUFFER_POOL DEFAULT FLASH_CACHE DEFAULT CELL_FLASH_CACHE DEFAULT)
  TABLESPACE "USERS"  ENABLE;
--------------------------------------------------------
--  Constraints for Table BR_EVENTS_IMAGE_PATH
--------------------------------------------------------

  ALTER TABLE "BR"."BR_EVENTS_IMAGE_PATH" ADD CONSTRAINT "BR_EVENTS_IMAGE_PATH_CHK1" CHECK (IMAGE_TYPE = '0' or IMAGE_TYPE='1' or IMAGE_TYPE='2') ENABLE;
 
  ALTER TABLE "BR"."BR_EVENTS_IMAGE_PATH" MODIFY ("IMAGE_PATH" NOT NULL ENABLE);
--------------------------------------------------------
--  Constraints for Table BR_NOTICE_IMAGE_PATH
--------------------------------------------------------

  ALTER TABLE "BR"."BR_NOTICE_IMAGE_PATH" MODIFY ("NOTICE_NO" NOT NULL ENABLE);
 
  ALTER TABLE "BR"."BR_NOTICE_IMAGE_PATH" MODIFY ("IMAGE_PATH" NOT NULL ENABLE);
--------------------------------------------------------
--  Constraints for Table BR_NOTICES
--------------------------------------------------------

  ALTER TABLE "BR"."BR_NOTICES" MODIFY ("NOTICE_TITLE" NOT NULL ENABLE);
 
  ALTER TABLE "BR"."BR_NOTICES" MODIFY ("NOTICE_CONTENT" NOT NULL ENABLE);
 
  ALTER TABLE "BR"."BR_NOTICES" ADD PRIMARY KEY ("NOTICE_NO")
  USING INDEX PCTFREE 10 INITRANS 2 MAXTRANS 255 
  STORAGE(INITIAL 65536 NEXT 1048576 MINEXTENTS 1 MAXEXTENTS 2147483645
  PCTINCREASE 0 FREELISTS 1 FREELIST GROUPS 1 BUFFER_POOL DEFAULT FLASH_CACHE DEFAULT CELL_FLASH_CACHE DEFAULT)
  TABLESPACE "USERS"  ENABLE;
--------------------------------------------------------
--  Constraints for Table BR_ORDER_MAIN
--------------------------------------------------------

  ALTER TABLE "BR"."BR_ORDER_MAIN" MODIFY ("ORDER_USING_POINT" NOT NULL ENABLE);
 
  ALTER TABLE "BR"."BR_ORDER_MAIN" MODIFY ("ORDER_PAYMENT" NOT NULL ENABLE);
 
  ALTER TABLE "BR"."BR_ORDER_MAIN" ADD PRIMARY KEY ("ORDER_NO")
  USING INDEX PCTFREE 10 INITRANS 2 MAXTRANS 255 
  STORAGE(INITIAL 65536 NEXT 1048576 MINEXTENTS 1 MAXEXTENTS 2147483645
  PCTINCREASE 0 FREELISTS 1 FREELIST GROUPS 1 BUFFER_POOL DEFAULT FLASH_CACHE DEFAULT CELL_FLASH_CACHE DEFAULT)
  TABLESPACE "USERS"  ENABLE;
--------------------------------------------------------
--  Constraints for Table BR_ORDER_SUB
--------------------------------------------------------

  ALTER TABLE "BR"."BR_ORDER_SUB" MODIFY ("PRODUCT_PRICE" NOT NULL ENABLE);
--------------------------------------------------------
--  Constraints for Table BR_PRODUCT_IMAGE_PATH
--------------------------------------------------------

  ALTER TABLE "BR"."BR_PRODUCT_IMAGE_PATH" MODIFY ("IMAGE_PATH" NOT NULL ENABLE);
--------------------------------------------------------
--  Constraints for Table BR_PRODUCT_SIZE
--------------------------------------------------------

  ALTER TABLE "BR"."BR_PRODUCT_SIZE" MODIFY ("SIZE_PRICE" NOT NULL ENABLE);
 
  ALTER TABLE "BR"."BR_PRODUCT_SIZE" MODIFY ("SIZE_COMMENT" NOT NULL ENABLE);
 
  ALTER TABLE "BR"."BR_PRODUCT_SIZE" ADD PRIMARY KEY ("PRODUCT_SIZE")
  USING INDEX PCTFREE 10 INITRANS 2 MAXTRANS 255 
  STORAGE(INITIAL 65536 NEXT 1048576 MINEXTENTS 1 MAXEXTENTS 2147483645
  PCTINCREASE 0 FREELISTS 1 FREELIST GROUPS 1 BUFFER_POOL DEFAULT FLASH_CACHE DEFAULT CELL_FLASH_CACHE DEFAULT)
  TABLESPACE "USERS"  ENABLE;
--------------------------------------------------------
--  Constraints for Table BR_PRODUCT_TAG
--------------------------------------------------------

  ALTER TABLE "BR"."BR_PRODUCT_TAG" MODIFY ("PRODUCT_TAG" NOT NULL ENABLE);
--------------------------------------------------------
--  Constraints for Table BR_PRODUCTS
--------------------------------------------------------

  ALTER TABLE "BR"."BR_PRODUCTS" MODIFY ("NAME" NOT NULL ENABLE);
 
  ALTER TABLE "BR"."BR_PRODUCTS" MODIFY ("AMOUNT" NOT NULL ENABLE);
 
  ALTER TABLE "BR"."BR_PRODUCTS" MODIFY ("PRICE" NOT NULL ENABLE);
 
  ALTER TABLE "BR"."BR_PRODUCTS" MODIFY ("POINT" NOT NULL ENABLE);
 
  ALTER TABLE "BR"."BR_PRODUCTS" MODIFY ("DISCOUNT_PRICE" NOT NULL ENABLE);
 
  ALTER TABLE "BR"."BR_PRODUCTS" MODIFY ("CATEGORY" NOT NULL ENABLE);
 
  ALTER TABLE "BR"."BR_PRODUCTS" ADD PRIMARY KEY ("PRODUCT_NO")
  USING INDEX PCTFREE 10 INITRANS 2 MAXTRANS 255 
  STORAGE(INITIAL 65536 NEXT 1048576 MINEXTENTS 1 MAXEXTENTS 2147483645
  PCTINCREASE 0 FREELISTS 1 FREELIST GROUPS 1 BUFFER_POOL DEFAULT FLASH_CACHE DEFAULT CELL_FLASH_CACHE DEFAULT)
  TABLESPACE "USERS"  ENABLE;
 
  ALTER TABLE "BR"."BR_PRODUCTS" MODIFY ("EXPLAIN" NOT NULL ENABLE);
--------------------------------------------------------
--  Constraints for Table BR_REVIEWS
--------------------------------------------------------

  ALTER TABLE "BR"."BR_REVIEWS" MODIFY ("TITLE" NOT NULL ENABLE);
 
  ALTER TABLE "BR"."BR_REVIEWS" MODIFY ("CONTENT" NOT NULL ENABLE);
 
  ALTER TABLE "BR"."BR_REVIEWS" ADD PRIMARY KEY ("REVIEW_NO")
  USING INDEX PCTFREE 10 INITRANS 2 MAXTRANS 255 
  STORAGE(INITIAL 65536 NEXT 1048576 MINEXTENTS 1 MAXEXTENTS 2147483645
  PCTINCREASE 0 FREELISTS 1 FREELIST GROUPS 1 BUFFER_POOL DEFAULT FLASH_CACHE DEFAULT CELL_FLASH_CACHE DEFAULT)
  TABLESPACE "USERS"  ENABLE;
 
  ALTER TABLE "BR"."BR_REVIEWS" MODIFY ("PRODUCT_NO" NOT NULL ENABLE);
--------------------------------------------------------
--  Constraints for Table BR_REVIEWS_IMAGE_PATH
--------------------------------------------------------

  ALTER TABLE "BR"."BR_REVIEWS_IMAGE_PATH" MODIFY ("IMAGE_PATH" NOT NULL ENABLE);
--------------------------------------------------------
--  Constraints for Table BR_SHOPPING_BASKET
--------------------------------------------------------

  ALTER TABLE "BR"."BR_SHOPPING_BASKET" MODIFY ("USER_ID" NOT NULL ENABLE);
 
  ALTER TABLE "BR"."BR_SHOPPING_BASKET" MODIFY ("PRODUCT_NO" NOT NULL ENABLE);
 
  ALTER TABLE "BR"."BR_SHOPPING_BASKET" MODIFY ("AMOUNT" NOT NULL ENABLE);
--------------------------------------------------------
--  Constraints for Table BR_USERS
--------------------------------------------------------

  ALTER TABLE "BR"."BR_USERS" MODIFY ("NAME" NOT NULL ENABLE);
 
  ALTER TABLE "BR"."BR_USERS" MODIFY ("PASSWORD" NOT NULL ENABLE);
 
  ALTER TABLE "BR"."BR_USERS" MODIFY ("EMAIL" NOT NULL ENABLE);
 
  ALTER TABLE "BR"."BR_USERS" ADD PRIMARY KEY ("USER_ID")
  USING INDEX PCTFREE 10 INITRANS 2 MAXTRANS 255 
  STORAGE(INITIAL 65536 NEXT 1048576 MINEXTENTS 1 MAXEXTENTS 2147483645
  PCTINCREASE 0 FREELISTS 1 FREELIST GROUPS 1 BUFFER_POOL DEFAULT FLASH_CACHE DEFAULT CELL_FLASH_CACHE DEFAULT)
  TABLESPACE "USERS"  ENABLE;
--------------------------------------------------------
--  Constraints for Table BR_USERS_POINTUSE
--------------------------------------------------------

  ALTER TABLE "BR"."BR_USERS_POINTUSE" MODIFY ("USED_POINT" NOT NULL ENABLE);
--------------------------------------------------------
--  Ref Constraints for Table BR_EVENTS_IMAGE_PATH
--------------------------------------------------------

  ALTER TABLE "BR"."BR_EVENTS_IMAGE_PATH" ADD FOREIGN KEY ("EVENT_NO")
	  REFERENCES "BR"."BR_EVENTS" ("EVENT_NO") ENABLE;
--------------------------------------------------------
--  Ref Constraints for Table BR_EVENTS_SUB
--------------------------------------------------------

  ALTER TABLE "BR"."BR_EVENTS_SUB" ADD FOREIGN KEY ("EVENT_NO")
	  REFERENCES "BR"."BR_EVENTS" ("EVENT_NO") ENABLE;
 
  ALTER TABLE "BR"."BR_EVENTS_SUB" ADD FOREIGN KEY ("USER_ID")
	  REFERENCES "BR"."BR_USERS" ("USER_ID") ENABLE;
--------------------------------------------------------
--  Ref Constraints for Table BR_NOTICE_IMAGE_PATH
--------------------------------------------------------

  ALTER TABLE "BR"."BR_NOTICE_IMAGE_PATH" ADD FOREIGN KEY ("NOTICE_NO")
	  REFERENCES "BR"."BR_NOTICES" ("NOTICE_NO") ENABLE;
--------------------------------------------------------
--  Ref Constraints for Table BR_ORDER_MAIN
--------------------------------------------------------

  ALTER TABLE "BR"."BR_ORDER_MAIN" ADD FOREIGN KEY ("USER_ID")
	  REFERENCES "BR"."BR_USERS" ("USER_ID") ENABLE;
--------------------------------------------------------
--  Ref Constraints for Table BR_ORDER_SUB
--------------------------------------------------------

  ALTER TABLE "BR"."BR_ORDER_SUB" ADD FOREIGN KEY ("ORDER_NO")
	  REFERENCES "BR"."BR_ORDER_MAIN" ("ORDER_NO") ENABLE;
 
  ALTER TABLE "BR"."BR_ORDER_SUB" ADD FOREIGN KEY ("PRODUCT_NO")
	  REFERENCES "BR"."BR_PRODUCTS" ("PRODUCT_NO") ENABLE;
--------------------------------------------------------
--  Ref Constraints for Table BR_PRODUCT_IMAGE_PATH
--------------------------------------------------------

  ALTER TABLE "BR"."BR_PRODUCT_IMAGE_PATH" ADD FOREIGN KEY ("PRODUCT_NO")
	  REFERENCES "BR"."BR_PRODUCTS" ("PRODUCT_NO") ENABLE;
--------------------------------------------------------
--  Ref Constraints for Table BR_PRODUCT_LIKE
--------------------------------------------------------

  ALTER TABLE "BR"."BR_PRODUCT_LIKE" ADD FOREIGN KEY ("USER_ID")
	  REFERENCES "BR"."BR_USERS" ("USER_ID") ENABLE;
 
  ALTER TABLE "BR"."BR_PRODUCT_LIKE" ADD FOREIGN KEY ("PRODUCT_NO")
	  REFERENCES "BR"."BR_PRODUCTS" ("PRODUCT_NO") ENABLE;
--------------------------------------------------------
--  Ref Constraints for Table BR_PRODUCT_TAG
--------------------------------------------------------

  ALTER TABLE "BR"."BR_PRODUCT_TAG" ADD FOREIGN KEY ("PRODUCT_NO")
	  REFERENCES "BR"."BR_PRODUCTS" ("PRODUCT_NO") ENABLE;
--------------------------------------------------------
--  Ref Constraints for Table BR_REVIEW_LIKES
--------------------------------------------------------

  ALTER TABLE "BR"."BR_REVIEW_LIKES" ADD FOREIGN KEY ("REVIEW_NO")
	  REFERENCES "BR"."BR_REVIEWS" ("REVIEW_NO") ENABLE;
 
  ALTER TABLE "BR"."BR_REVIEW_LIKES" ADD FOREIGN KEY ("USER_ID")
	  REFERENCES "BR"."BR_USERS" ("USER_ID") ENABLE;
--------------------------------------------------------
--  Ref Constraints for Table BR_REVIEWS
--------------------------------------------------------

  ALTER TABLE "BR"."BR_REVIEWS" ADD FOREIGN KEY ("PRODUCT_NO")
	  REFERENCES "BR"."BR_PRODUCTS" ("PRODUCT_NO") ENABLE;
 
  ALTER TABLE "BR"."BR_REVIEWS" ADD FOREIGN KEY ("USER_ID")
	  REFERENCES "BR"."BR_USERS" ("USER_ID") ENABLE;
--------------------------------------------------------
--  Ref Constraints for Table BR_REVIEWS_IMAGE_PATH
--------------------------------------------------------

  ALTER TABLE "BR"."BR_REVIEWS_IMAGE_PATH" ADD FOREIGN KEY ("REVIEW_NO")
	  REFERENCES "BR"."BR_REVIEWS" ("REVIEW_NO") ENABLE;
--------------------------------------------------------
--  Ref Constraints for Table BR_SHOPPING_BASKET
--------------------------------------------------------

  ALTER TABLE "BR"."BR_SHOPPING_BASKET" ADD FOREIGN KEY ("USER_ID")
	  REFERENCES "BR"."BR_USERS" ("USER_ID") ENABLE;
 
  ALTER TABLE "BR"."BR_SHOPPING_BASKET" ADD FOREIGN KEY ("PRODUCT_NO")
	  REFERENCES "BR"."BR_PRODUCTS" ("PRODUCT_NO") ENABLE;
--------------------------------------------------------
--  Ref Constraints for Table BR_USERS_POINTUSE
--------------------------------------------------------

  ALTER TABLE "BR"."BR_USERS_POINTUSE" ADD FOREIGN KEY ("USER_ID")
	  REFERENCES "BR"."BR_USERS" ("USER_ID") ENABLE;
